"id";"url";"place_date";"homeTeam";"awayTeam";"score";"goalHome";"goalAway";"possessionHome";"possessionAway";"passesCompletedHome";"passesCompletedAway";"cornersHome";"cornersAway";"atk3rdPassesHome";"atk3rdPassesAway";"shotsHome";"shotsAway";"foulsHome";"foulsAway"
"855542";"https://www.fourfourtwo.com/statszone/8-2016/matches/855542";"EmiratesStadiumLondon,Sunday,May21,2017-15:00";"Arsenal";"Everton";"3-1";3;1;50,2;49,8;362;362;4;6;138;169;17;22;10;15
"855543";"https://www.fourfourtwo.com/statszone/8-2016/matches/855543";"TurfMoorBurnley,Sunday,May21,2017-15:00";"Burnley";"WestHamUnited";"1-2";1;2;44,7;55,3;275;371;2;5;126;127;9;14;11;14
"855544";"https://www.fourfourtwo.com/statszone/8-2016/matches/855544";"StamfordBridgeLondon,Sunday,May21,2017-15:00";"Chelsea";"Sunderland";"5-1";5;1;70,5;29,5;583;204;11;1;253;52;28;7;8;15
"855545";"https://www.fourfourtwo.com/statszone/8-2016/matches/855545";"KCOMStadiumHull,Sunday,May21,2017-15:00";"HullCity";"TottenhamHotspur";"1-7";1;7;34,7;65,3;225;516;2;3;46;208;10;19;14;5
"855546";"https://www.fourfourtwo.com/statszone/8-2016/matches/855546";"KingPowerStadiumLeicester,Sunday,May21,2017-15:00";"LeicesterCity";"Bournemouth";"1-1";1;1;48,6;51,4;319;344;9;1;123;145;20;10;11;10
"855547";"https://www.fourfourtwo.com/statszone/8-2016/matches/855547";"AnfieldLiverpool,Sunday,May21,2017-15:00";"Liverpool";"Middlesbrough";"3-0";3;0;73,8;26,2;669;164;3;3;243;86;25;9;13;8
"855548";"https://www.fourfourtwo.com/statszone/8-2016/matches/855548";"OldTraffordManchester,Sunday,May21,2017-15:00";"ManchesterUnited";"CrystalPalace";"2-0";2;0;58,8;41,2;477;292;3;6;131;144;9;6;16;10
"855549";"https://www.fourfourtwo.com/statszone/8-2016/matches/855549";"St.Mary'sStadiumSouthampton,Sunday,May21,2017-15:00";"Southampton";"StokeCity";"0-1";0;1;61;39;425;234;4;10;166;104;15;14;12;10
"855550";"https://www.fourfourtwo.com/statszone/8-2016/matches/855550";"LibertyStadiumSwansea,Sunday,May21,2017-15:00";"SwanseaCity";"WestBromwichAlbion";"2-1";2;1;65,3;34,7;502;247;7;4;163;108;12;16;8;10
"855551";"https://www.fourfourtwo.com/statszone/8-2016/matches/855551";"VicarageRoadWatford,Sunday,May21,2017-15:00";"Watford";"ManchesterCity";"0-5";0;5;32,9;67,1;219;553;4;5;54;182;6;15;12;10
"855507";"https://www.fourfourtwo.com/statszone/8-2016/matches/855507";"KingPowerStadiumLeicester,Thursday,May18,2017-19:45";"LeicesterCity";"TottenhamHotspur";"1-6";1;6;37,3;62,7;229;473;4;4;84;163;12;26;11;8
"855451";"https://www.fourfourtwo.com/statszone/8-2016/matches/855451";"St.Mary'sStadiumSouthampton,Wednesday,May17,2017-19:45";"Southampton";"ManchesterUnited";"0-0";0;0;52,8;47,2;389;363;7;3;131;118;17;11;7;10
"855503";"https://www.fourfourtwo.com/statszone/8-2016/matches/855503";"EmiratesStadiumLondon,Tuesday,May16,2017-19:45";"Arsenal";"Sunderland";"2-0";2;0;62,5;37,5;474;251;17;3;226;86;36;6;15;10
"855509";"https://www.fourfourtwo.com/statszone/8-2016/matches/855509";"EtihadStadiumManchester,Tuesday,May16,2017-20:00";"ManchesterCity";"WestBromwichAlbion";"3-1";3;1;70,8;29,2;598;203;7;1;207;68;21;5;8;11
"855445";"https://www.fourfourtwo.com/statszone/8-2016/matches/855445";"StamfordBridgeLondon,Monday,May15,2017-20:00";"Chelsea";"Watford";"4-3";4;3;47,1;52,9;378;444;8;3;141;84;24;9;7;12
"855533";"https://www.fourfourtwo.com/statszone/8-2016/matches/855533";"SelhurstParkLondon,Sunday,May14,2017-12:00";"CrystalPalace";"HullCity";"4-0";4;0;29,7;70,3;116;384;3;7;94;171;12;9;13;14
"855541";"https://www.fourfourtwo.com/statszone/8-2016/matches/855541";"LondonStadiumLondon,Sunday,May14,2017-14:15";"WestHamUnited";"Liverpool";"0-4";0;4;33,3;66,7;201;512;4;6;69;152;10;26;5;10
"855539";"https://www.fourfourtwo.com/statszone/8-2016/matches/855539";"WhiteHartLaneLondon,Sunday,May14,2017-16:30";"TottenhamHotspur";"ManchesterUnited";"2-1";2;1;60;40;425;267;8;3;168;85;14;8;14;15
"855535";"https://www.fourfourtwo.com/statszone/8-2016/matches/855535";"EtihadStadiumManchester,Saturday,May13,2017-12:30";"ManchesterCity";"LeicesterCity";"2-1";2;1;65,8;34,2;460;182;9;3;176;71;17;9;12;16
"855532";"https://www.fourfourtwo.com/statszone/8-2016/matches/855532";"VitalityStadiumBournemouth,Saturday,May13,2017-15:00";"Bournemouth";"Burnley";"2-1";2;1;54,9;45,1;384;282;7;1;163;119;18;14;6;11
"855536";"https://www.fourfourtwo.com/statszone/8-2016/matches/855536";"RiversideStadiumMiddlesbrough,Saturday,May13,2017-15:00";"Middlesbrough";"Southampton";"1-2";1;2;41,8;58,2;278;436;6;3;111;130;14;14;19;11
"855538";"https://www.fourfourtwo.com/statszone/8-2016/matches/855538";"StadiumofLightSunderland,Saturday,May13,2017-15:00";"Sunderland";"SwanseaCity";"0-2";0;2;52,8;47,2;363;319;8;4;135;114;13;3;13;6
"855537";"https://www.fourfourtwo.com/statszone/8-2016/matches/855537";"bet365StadiumStoke,Saturday,May13,2017-17:30";"StokeCity";"Arsenal";"1-4";1;4;33,2;66,8;195;518;7;6;90;159;10;10;13;7
"855534";"https://www.fourfourtwo.com/statszone/8-2016/matches/855534";"GoodisonParkLiverpool,Friday,May12,2017-19:45";"Everton";"Watford";"1-0";1;0;62,1;37,9;445;232;9;8;168;133;15;14;7;11
"855540";"https://www.fourfourtwo.com/statszone/8-2016/matches/855540";"TheHawthornsWestBromwich,Friday,May12,2017-20:00";"WestBromwichAlbion";"Chelsea";"0-1";0;1;32,4;67,6;189;493;5;8;83;245;7;24;13;8
"855428";"https://www.fourfourtwo.com/statszone/8-2016/matches/855428";"St.Mary'sStadiumSouthampton,Wednesday,May10,2017-19:45";"Southampton";"Arsenal";"0-2";0;2;47;53;347;407;5;5;143;177;14;11;8;5
"855525";"https://www.fourfourtwo.com/statszone/8-2016/matches/855525";"StamfordBridgeLondon,Monday,May8,2017-20:00";"Chelsea";"Middlesbrough";"3-0";3;0;57,1;42,9;531;384;8;1;209;97;21;2;8;21
"855528";"https://www.fourfourtwo.com/statszone/8-2016/matches/855528";"AnfieldLiverpool,Sunday,May7,2017-13:30";"Liverpool";"Southampton";"0-0";0;0;64,9;35,1;497;201;3;6;233;78;17;4;9;4
"855523";"https://www.fourfourtwo.com/statszone/8-2016/matches/855523";"EmiratesStadiumLondon,Sunday,May7,2017-16:00";"Arsenal";"ManchesterUnited";"2-0";2;0;50;50;451;445;5;9;153;123;9;10;14;10
"855529";"https://www.fourfourtwo.com/statszone/8-2016/matches/855529";"EtihadStadiumManchester,Saturday,May6,2017-12:30";"ManchesterCity";"CrystalPalace";"5-0";5;0;69,2;30,8;533;184;9;3;234;86;26;5;12;8
"855522";"https://www.fourfourtwo.com/statszone/8-2016/matches/855522";"VitalityStadiumBournemouth,Saturday,May6,2017-15:00";"Bournemouth";"StokeCity";"2-2";2;2;57,8;42,2;432;277;0;7;147;125;12;14;10;15
"855524";"https://www.fourfourtwo.com/statszone/8-2016/matches/855524";"TurfMoorBurnley,Saturday,May6,2017-15:00";"Burnley";"WestBromwichAlbion";"2-2";2;2;55,1;44,9;269;190;5;8;122;107;14;11;9;14
"855526";"https://www.fourfourtwo.com/statszone/8-2016/matches/855526";"KCOMStadiumHull,Saturday,May6,2017-15:00";"HullCity";"Sunderland";"0-2";0;2;59,5;40,5;356;211;7;4;147;123;16;12;10;8
"855527";"https://www.fourfourtwo.com/statszone/8-2016/matches/855527";"KingPowerStadiumLeicester,Saturday,May6,2017-15:00";"LeicesterCity";"Watford";"3-0";3;0;41,9;58,1;247;400;10;1;103;121;11;14;8;10
"855530";"https://www.fourfourtwo.com/statszone/8-2016/matches/855530";"LibertyStadiumSwansea,Saturday,May6,2017-17:30";"SwanseaCity";"Everton";"1-0";1;0;37,6;62,4;257;487;9;5;101;177;9;9;5;13
"855531";"https://www.fourfourtwo.com/statszone/8-2016/matches/855531";"LondonStadiumLondon,Friday,May5,2017-20:00";"WestHamUnited";"TottenhamHotspur";"1-0";1;0;32,4;67,6;181;440;3;7;100;176;13;11;8;9
"855520";"https://www.fourfourtwo.com/statszone/8-2016/matches/855520";"VicarageRoadWatford,Monday,May1,2017-20:00";"Watford";"Liverpool";"0-1";0;1;40;60;253;426;3;5;98;172;9;12;11;9
"855514";"https://www.fourfourtwo.com/statszone/8-2016/matches/855514";"OldTraffordManchester,Sunday,April30,2017-12:00";"ManchesterUnited";"SwanseaCity";"1-1";1;1;55,4;44,6;434;337;5;2;152;135;12;12;11;13
"855513";"https://www.fourfourtwo.com/statszone/8-2016/matches/855513";"GoodisonParkLiverpool,Sunday,April30,2017-14:05";"Everton";"Chelsea";"0-3";0;3;49,5;50,5;328;334;2;4;107;129;12;11;13;11
"855515";"https://www.fourfourtwo.com/statszone/8-2016/matches/855515";"RiversideStadiumMiddlesbrough,Sunday,April30,2017-14:05";"Middlesbrough";"ManchesterCity";"2-2";2;2;31,9;68,1;172;467;4;11;77;206;14;22;9;9
"855519";"https://www.fourfourtwo.com/statszone/8-2016/matches/855519";"WhiteHartLaneLondon,Sunday,April30,2017-16:30";"TottenhamHotspur";"Arsenal";"2-0";2;0;51,1;48,9;329;310;14;5;148;112;20;12;7;15
"855516";"https://www.fourfourtwo.com/statszone/8-2016/matches/855516";"St.Mary'sStadiumSouthampton,Saturday,April29,2017-15:00";"Southampton";"HullCity";"0-0";0;0;51,9;48,1;327;293;6;6;113;149;11;9;9;13
"855517";"https://www.fourfourtwo.com/statszone/8-2016/matches/855517";"bet365StadiumStoke,Saturday,April29,2017-15:00";"StokeCity";"WestHamUnited";"0-0";0;0;57,1;42,9;398;290;5;3;169;98;19;12;12;3
"855518";"https://www.fourfourtwo.com/statszone/8-2016/matches/855518";"StadiumofLightSunderland,Saturday,April29,2017-15:00";"Sunderland";"Bournemouth";"0-1";0;1;40,9;59,1;251;406;6;5;139;186;17;15;13;9
"855521";"https://www.fourfourtwo.com/statszone/8-2016/matches/855521";"TheHawthornsWestBromwich,Saturday,April29,2017-15:00";"WestBromwichAlbion";"LeicesterCity";"0-1";0;1;54,8;45,2;290;222;5;6;144;114;16;6;14;9
"855512";"https://www.fourfourtwo.com/statszone/8-2016/matches/855512";"SelhurstParkLondon,Saturday,April29,2017-17:30";"CrystalPalace";"Burnley";"0-2";0;2;63,5;36,5;343;170;14;4;190;115;15;9;11;12
"855427";"https://www.fourfourtwo.com/statszone/8-2016/matches/855427";"EtihadStadiumManchester,Thursday,April27,2017-20:00";"ManchesterCity";"ManchesterUnited";"0-0";0;0;69,2;30,8;555;192;7;4;226;69;19;3;10;8
"855443";"https://www.fourfourtwo.com/statszone/8-2016/matches/855443";"EmiratesStadiumLondon,Wednesday,April26,2017-19:45";"Arsenal";"LeicesterCity";"1-0";1;0;68,9;31,1;595;220;12;1;276;79;12;7;9;13
"855450";"https://www.fourfourtwo.com/statszone/8-2016/matches/855450";"RiversideStadiumMiddlesbrough,Wednesday,April26,2017-19:45";"Middlesbrough";"Sunderland";"1-0";1;0;48,9;51,1;280;297;3;5;112;155;6;10;15;11
"855446";"https://www.fourfourtwo.com/statszone/8-2016/matches/855446";"SelhurstParkLondon,Wednesday,April26,2017-20:00";"CrystalPalace";"TottenhamHotspur";"0-1";0;1;31,1;68,9;152;487;2;11;87;216;6;18;13;15
"855505";"https://www.fourfourtwo.com/statszone/8-2016/matches/855505";"StamfordBridgeLondon,Tuesday,April25,2017-19:45";"Chelsea";"Southampton";"4-2";4;2;47,8;52,2;387;423;6;7;169;144;17;12;13;9
"855504";"https://www.fourfourtwo.com/statszone/8-2016/matches/855504";"TurfMoorBurnley,Sunday,April23,2017-14:15";"Burnley";"ManchesterUnited";"0-2";0;2;45,7;54,3;269;365;3;3;125;115;8;12;17;16
"855508";"https://www.fourfourtwo.com/statszone/8-2016/matches/855508";"AnfieldLiverpool,Sunday,April23,2017-16:30";"Liverpool";"CrystalPalace";"1-2";1;2;72,3;27,7;516;134;4;3;200;86;14;7;8;10
"855502";"https://www.fourfourtwo.com/statszone/8-2016/matches/855502";"VitalityStadiumBournemouth,Saturday,April22,2017-15:00";"Bournemouth";"Middlesbrough";"4-0";4;0;68,1;31,9;535;207;4;3;225;53;21;5;4;14
"855506";"https://www.fourfourtwo.com/statszone/8-2016/matches/855506";"KCOMStadiumHull,Saturday,April22,2017-15:00";"HullCity";"Watford";"2-0";2;0;34,2;65,8;202;484;4;7;68;137;8;14;10;11
"855510";"https://www.fourfourtwo.com/statszone/8-2016/matches/855510";"LibertyStadiumSwansea,Saturday,April22,2017-15:00";"SwanseaCity";"StokeCity";"2-0";2;0;45,4;54,6;300;387;11;4;89;142;10;9;5;14
"855511";"https://www.fourfourtwo.com/statszone/8-2016/matches/855511";"LondonStadiumLondon,Saturday,April22,2017-15:00";"WestHamUnited";"Everton";"0-0";0;0;40,6;59,4;255;424;8;4;97;117;15;4;9;15
"855495";"https://www.fourfourtwo.com/statszone/8-2016/matches/855495";"RiversideStadiumMiddlesbrough,Monday,April17,2017-20:00";"Middlesbrough";"Arsenal";"1-2";1;2;35,2;64,8;210;489;2;4;84;165;13;12;11;16
"855501";"https://www.fourfourtwo.com/statszone/8-2016/matches/855501";"TheHawthornsWestBromwich,Sunday,April16,2017-13:30";"WestBromwichAlbion";"Liverpool";"0-1";0;1;36,4;63,6;208;460;4;4;100;143;7;15;15;9
"855494";"https://www.fourfourtwo.com/statszone/8-2016/matches/855494";"OldTraffordManchester,Sunday,April16,2017-16:00";"ManchesterUnited";"Chelsea";"2-0";2;0;46,2;53,8;315;370;1;3;148;139;9;5;16;20
"855499";"https://www.fourfourtwo.com/statszone/8-2016/matches/855499";"WhiteHartLaneLondon,Saturday,April15,2017-12:30";"TottenhamHotspur";"Bournemouth";"4-0";4;0;68,8;31,2;578;217;13;1;224;75;24;5;8;10
"855492";"https://www.fourfourtwo.com/statszone/8-2016/matches/855492";"SelhurstParkLondon,Saturday,April15,2017-15:00";"CrystalPalace";"LeicesterCity";"2-2";2;2;57,9;42,1;306;192;8;5;156;107;15;6;10;16
"855493";"https://www.fourfourtwo.com/statszone/8-2016/matches/855493";"GoodisonParkLiverpool,Saturday,April15,2017-15:00";"Everton";"Burnley";"3-1";3;1;63,2;36,8;443;197;6;7;206;117;29;13;15;14
"855497";"https://www.fourfourtwo.com/statszone/8-2016/matches/855497";"bet365StadiumStoke,Saturday,April15,2017-15:00";"StokeCity";"HullCity";"3-1";3;1;45,2;54,8;256;326;3;7;115;119;14;14;12;5
"855498";"https://www.fourfourtwo.com/statszone/8-2016/matches/855498";"StadiumofLightSunderland,Saturday,April15,2017-15:00";"Sunderland";"WestHamUnited";"2-2";2;2;47,6;52,4;282;318;6;1;131;107;14;7;14;10
"855500";"https://www.fourfourtwo.com/statszone/8-2016/matches/855500";"VicarageRoadWatford,Saturday,April15,2017-15:00";"Watford";"SwanseaCity";"1-0";1;0;52,9;47,1;342;289;6;2;88;146;15;13;8;13
"855496";"https://www.fourfourtwo.com/statszone/8-2016/matches/855496";"St.Mary'sStadiumSouthampton,Saturday,April15,2017-17:30";"Southampton";"ManchesterCity";"0-3";0;3;41,1;58,9;341;541;4;8;114;166;8;18;9;8
"855483";"https://www.fourfourtwo.com/statszone/8-2016/matches/855483";"SelhurstParkLondon,Monday,April10,2017-20:00";"CrystalPalace";"Arsenal";"3-0";3;0;27,8;72,2;146;526;5;8;98;220;17;11;11;10
"855488";"https://www.fourfourtwo.com/statszone/8-2016/matches/855488";"StadiumofLightSunderland,Sunday,April9,2017-13:30";"Sunderland";"ManchesterUnited";"0-3";0;3;29,7;70,3;155;503;4;5;84;214;9;18;14;20
"855484";"https://www.fourfourtwo.com/statszone/8-2016/matches/855484";"GoodisonParkLiverpool,Sunday,April9,2017-16:00";"Everton";"LeicesterCity";"4-2";4;2;60,1;39,9;475;276;4;6;189;116;12;6;8;15
"855489";"https://www.fourfourtwo.com/statszone/8-2016/matches/855489";"WhiteHartLaneLondon,Saturday,April8,2017-12:30";"TottenhamHotspur";"Watford";"4-0";4;0;58,7;41,3;432;272;7;5;173;75;19;8;12;12
"855485";"https://www.fourfourtwo.com/statszone/8-2016/matches/855485";"EtihadStadiumManchester,Saturday,April8,2017-15:00";"ManchesterCity";"HullCity";"3-1";3;1;67,4;32,6;640;252;7;3;213;89;23;7;6;8
"855486";"https://www.fourfourtwo.com/statszone/8-2016/matches/855486";"RiversideStadiumMiddlesbrough,Saturday,April8,2017-15:00";"Middlesbrough";"Burnley";"0-0";0;0;57,3;42,7;367;256;4;3;98;117;13;7;9;12
"855487";"https://www.fourfourtwo.com/statszone/8-2016/matches/855487";"bet365StadiumStoke,Saturday,April8,2017-15:00";"StokeCity";"Liverpool";"1-2";1;2;44,3;55,7;275;376;5;8;105;137;9;15;7;11
"855490";"https://www.fourfourtwo.com/statszone/8-2016/matches/855490";"TheHawthornsWestBromwich,Saturday,April8,2017-15:00";"WestBromwichAlbion";"Southampton";"0-1";0;1;41,9;58,1;278;439;7;3;166;146;17;10;12;12
"855491";"https://www.fourfourtwo.com/statszone/8-2016/matches/855491";"LondonStadiumLondon,Saturday,April8,2017-15:00";"WestHamUnited";"SwanseaCity";"1-0";1;0;46,3;53,7;259;317;4;3;95;118;14;5;12;12
"855482";"https://www.fourfourtwo.com/statszone/8-2016/matches/855482";"VitalityStadiumBournemouth,Saturday,April8,2017-17:30";"Bournemouth";"Chelsea";"1-3";1;3;51,1;48,9;462;452;4;4;153;172;11;15;7;11
"855472";"https://www.fourfourtwo.com/statszone/8-2016/matches/855472";"EmiratesStadiumLondon,Wednesday,April5,2017-19:45";"Arsenal";"WestHamUnited";"3-0";3;0;65,8;34,2;592;262;5;0;195;87;21;7;11;5
"855474";"https://www.fourfourtwo.com/statszone/8-2016/matches/855474";"KCOMStadiumHull,Wednesday,April5,2017-19:45";"HullCity";"Middlesbrough";"4-2";4;2;47,8;52,2;304;320;8;4;114;114;17;12;13;12
"855477";"https://www.fourfourtwo.com/statszone/8-2016/matches/855477";"LibertyStadiumSwansea,Wednesday,April5,2017-19:45";"SwanseaCity";"TottenhamHotspur";"1-3";1;3;28,2;71,8;166;556;5;7;78;234;4;18;7;8
"855481";"https://www.fourfourtwo.com/statszone/8-2016/matches/855481";"St.Mary'sStadiumSouthampton,Wednesday,April5,2017-19:45";"Southampton";"CrystalPalace";"3-1";3;1;61,4;38,6;317;159;11;11;139;88;25;17;16;11
"855479";"https://www.fourfourtwo.com/statszone/8-2016/matches/855479";"StamfordBridgeLondon,Wednesday,April5,2017-20:00";"Chelsea";"ManchesterCity";"2-1";2;1;39,3;60,7;301;539;2;9;93;180;10;17;10;14
"855480";"https://www.fourfourtwo.com/statszone/8-2016/matches/855480";"AnfieldLiverpool,Wednesday,April5,2017-20:00";"Liverpool";"Bournemouth";"2-2";2;2;66,1;33,9;490;213;7;2;166;67;20;8;11;8
"855473";"https://www.fourfourtwo.com/statszone/8-2016/matches/855473";"TurfMoorBurnley,Tuesday,April4,2017-19:45";"Burnley";"StokeCity";"1-0";1;0;48,1;51,9;237;270;3;5;124;144;7;15;9;16
"855475";"https://www.fourfourtwo.com/statszone/8-2016/matches/855475";"KingPowerStadiumLeicester,Tuesday,April4,2017-19:45";"LeicesterCity";"Sunderland";"2-0";2;0;54,3;45,7;311;220;5;6;135;118;19;15;12;13
"855478";"https://www.fourfourtwo.com/statszone/8-2016/matches/855478";"VicarageRoadWatford,Tuesday,April4,2017-19:45";"Watford";"WestBromwichAlbion";"2-0";2;0;55,6;44,4;370;258;5;6;87;133;9;18;11;14
"855476";"https://www.fourfourtwo.com/statszone/8-2016/matches/855476";"OldTraffordManchester,Tuesday,April4,2017-20:00";"ManchesterUnited";"Everton";"1-1";1;1;61,6;38,4;492;279;6;5;220;101;18;11;10;18
"855470";"https://www.fourfourtwo.com/statszone/8-2016/matches/855470";"LibertyStadiumSwansea,Sunday,April2,2017-13:30";"SwanseaCity";"Middlesbrough";"0-0";0;0;55,7;44,3;330;255;11;3;149;85;15;8;9;16
"855462";"https://www.fourfourtwo.com/statszone/8-2016/matches/855462";"EmiratesStadiumLondon,Sunday,April2,2017-16:00";"Arsenal";"ManchesterCity";"2-2";2;2;44,4;55,6;299;391;3;8;142;155;8;14;8;15
"855467";"https://www.fourfourtwo.com/statszone/8-2016/matches/855467";"AnfieldLiverpool,Saturday,April1,2017-12:30";"Liverpool";"Everton";"3-1";3;1;51,4;48,6;363;310;2;3;162;128;10;9;17;10
"855463";"https://www.fourfourtwo.com/statszone/8-2016/matches/855463";"TurfMoorBurnley,Saturday,April1,2017-15:00";"Burnley";"TottenhamHotspur";"0-2";0;2;38,3;61,7;241;464;3;7;146;140;13;19;9;6
"855464";"https://www.fourfourtwo.com/statszone/8-2016/matches/855464";"StamfordBridgeLondon,Saturday,April1,2017-15:00";"Chelsea";"CrystalPalace";"1-2";1;2;72,9;27,1;519;154;9;3;319;103;24;8;12;14
"855465";"https://www.fourfourtwo.com/statszone/8-2016/matches/855465";"KCOMStadiumHull,Saturday,April1,2017-15:00";"HullCity";"WestHamUnited";"2-1";2;1;45,5;54,5;255;355;5;5;116;133;7;12;16;9
"855466";"https://www.fourfourtwo.com/statszone/8-2016/matches/855466";"KingPowerStadiumLeicester,Saturday,April1,2017-15:00";"LeicesterCity";"StokeCity";"2-0";2;0;48,3;51,7;276;303;10;4;127;107;23;10;7;11
"855468";"https://www.fourfourtwo.com/statszone/8-2016/matches/855468";"OldTraffordManchester,Saturday,April1,2017-15:00";"ManchesterUnited";"WestBromwichAlbion";"0-0";0;0;74,8;25,2;668;164;6;1;301;63;18;3;15;13
"855471";"https://www.fourfourtwo.com/statszone/8-2016/matches/855471";"VicarageRoadWatford,Saturday,April1,2017-15:00";"Watford";"Sunderland";"1-0";1;0;56,7;43,3;315;203;13;9;127;120;23;11;12;8
"855469";"https://www.fourfourtwo.com/statszone/8-2016/matches/855469";"St.Mary'sStadiumSouthampton,Saturday,April1,2017-17:30";"Southampton";"Bournemouth";"0-0";0;0;61,3;38,7;455;258;6;3;120;83;14;12;14;8
"855456";"https://www.fourfourtwo.com/statszone/8-2016/matches/855456";"RiversideStadiumMiddlesbrough,Sunday,March19,2017-12:00";"Middlesbrough";"ManchesterUnited";"1-3";1;3;63,9;36,1;454;233;8;3;156;93;10;14;9;8
"855459";"https://www.fourfourtwo.com/statszone/8-2016/matches/855459";"WhiteHartLaneLondon,Sunday,March19,2017-14:15";"TottenhamHotspur";"Southampton";"2-1";2;1;50,5;49,5;338;330;5;1;156;121;12;8;12;13
"855455";"https://www.fourfourtwo.com/statszone/8-2016/matches/855455";"EtihadStadiumManchester,Sunday,March19,2017-16:30";"ManchesterCity";"Liverpool";"1-1";1;1;59,5;40,5;485;296;9;8;146;146;13;13;14;7
"855460";"https://www.fourfourtwo.com/statszone/8-2016/matches/855460";"TheHawthornsWestBromwich,Saturday,March18,2017-12:30";"WestBromwichAlbion";"Arsenal";"3-1";3;1;23,3;76,7;128;652;4;5;79;252;12;11;5;6
"855453";"https://www.fourfourtwo.com/statszone/8-2016/matches/855453";"SelhurstParkLondon,Saturday,March18,2017-15:00";"CrystalPalace";"Watford";"1-0";1;0;43,5;56,5;186;272;3;2;101;123;7;6;8;15
"855454";"https://www.fourfourtwo.com/statszone/8-2016/matches/855454";"GoodisonParkLiverpool,Saturday,March18,2017-15:00";"Everton";"HullCity";"4-0";4;0;50,6;49,4;373;308;5;8;153;85;14;6;9;7
"855457";"https://www.fourfourtwo.com/statszone/8-2016/matches/855457";"bet365StadiumStoke,Saturday,March18,2017-15:00";"StokeCity";"Chelsea";"1-2";1;2;36,2;63,8;188;436;5;11;100;151;5;20;16;11
"855458";"https://www.fourfourtwo.com/statszone/8-2016/matches/855458";"StadiumofLightSunderland,Saturday,March18,2017-15:00";"Sunderland";"Burnley";"0-0";0;0;44;56;179;268;3;5;95;156;14;16;14;7
"855461";"https://www.fourfourtwo.com/statszone/8-2016/matches/855461";"LondonStadiumLondon,Saturday,March18,2017-15:00";"WestHamUnited";"LeicesterCity";"2-3";2;3;58,6;41,4;390;233;6;5;145;99;20;11;10;14
"855452";"https://www.fourfourtwo.com/statszone/8-2016/matches/855452";"VitalityStadiumBournemouth,Saturday,March18,2017-17:30";"Bournemouth";"SwanseaCity";"2-0";2;0;47,8;52,2;356;366;2;4;129;136;12;10;10;9
"855183";"https://www.fourfourtwo.com/statszone/8-2016/matches/855183";"AnfieldLiverpool,Sunday,March12,2017-16:00";"Liverpool";"Burnley";"2-1";2;1;63,9;36,1;419;193;11;1;176;115;10;11;12;16
"855442";"https://www.fourfourtwo.com/statszone/8-2016/matches/855442";"VitalityStadiumBournemouth,Saturday,March11,2017-15:00";"Bournemouth";"WestHamUnited";"3-2";3;2;51,4;48,6;268;250;5;6;136;118;22;16;20;15
"855447";"https://www.fourfourtwo.com/statszone/8-2016/matches/855447";"GoodisonParkLiverpool,Saturday,March11,2017-15:00";"Everton";"WestBromwichAlbion";"3-0";3;0;62,7;37,3;486;244;4;6;166;107;16;5;8;12
"855448";"https://www.fourfourtwo.com/statszone/8-2016/matches/855448";"KCOMStadiumHull,Saturday,March11,2017-15:00";"HullCity";"SwanseaCity";"2-1";2;1;49,8;50,2;288;280;2;7;112;113;15;11;14;5
"855449";"https://www.fourfourtwo.com/statszone/8-2016/matches/855449";"EtihadStadiumManchester,Wednesday,March8,2017-20:00";"ManchesterCity";"StokeCity";"0-0";0;0;65,3;34,7;513;220;8;1;208;99;12;5;8;11
"855441";"https://www.fourfourtwo.com/statszone/8-2016/matches/855441";"LondonStadiumLondon,Monday,March6,2017-20:00";"WestHamUnited";"Chelsea";"1-2";1;2;51,8;48,2;461;440;6;4;117;120;11;9;8;8
"855438";"https://www.fourfourtwo.com/statszone/8-2016/matches/855438";"WhiteHartLaneLondon,Sunday,March5,2017-13:30";"TottenhamHotspur";"Everton";"3-2";3;2;51,5;48,5;365;321;7;2;158;100;20;8;9;14
"855436";"https://www.fourfourtwo.com/statszone/8-2016/matches/855436";"StadiumofLightSunderland,Sunday,March5,2017-16:00";"Sunderland";"ManchesterCity";"0-2";0;2;29,2;70,8;199;639;6;4;94;209;11;14;11;4
"855434";"https://www.fourfourtwo.com/statszone/8-2016/matches/855434";"OldTraffordManchester,Saturday,March4,2017-12:30";"ManchesterUnited";"Bournemouth";"1-1";1;1;68,6;31,4;538;214;15;2;220;69;20;3;9;11
"855432";"https://www.fourfourtwo.com/statszone/8-2016/matches/855432";"KingPowerStadiumLeicester,Saturday,March4,2017-15:00";"LeicesterCity";"HullCity";"3-1";3;1;49,5;50,5;279;310;10;4;144;92;17;10;12;13
"855435";"https://www.fourfourtwo.com/statszone/8-2016/matches/855435";"bet365StadiumStoke,Saturday,March4,2017-15:00";"StokeCity";"Middlesbrough";"2-0";2;0;54,8;45,2;336;270;6;1;122;108;13;8;16;20
"855437";"https://www.fourfourtwo.com/statszone/8-2016/matches/855437";"LibertyStadiumSwansea,Saturday,March4,2017-15:00";"SwanseaCity";"Burnley";"3-2";3;2;71,3;28,7;493;159;9;2;170;85;24;6;7;13
"855439";"https://www.fourfourtwo.com/statszone/8-2016/matches/855439";"VicarageRoadWatford,Saturday,March4,2017-15:00";"Watford";"Southampton";"3-4";3;4;37,8;62,2;152;334;6;5;101;127;16;20;16;9
"855440";"https://www.fourfourtwo.com/statszone/8-2016/matches/855440";"TheHawthornsWestBromwich,Saturday,March4,2017-15:00";"WestBromwichAlbion";"CrystalPalace";"0-2";0;2;51,4;48,6;263;237;5;5;131;148;11;10;8;12
"855433";"https://www.fourfourtwo.com/statszone/8-2016/matches/855433";"AnfieldLiverpool,Saturday,March4,2017-17:30";"Liverpool";"Arsenal";"3-1";3;1;53;47;341;306;9;3;180;113;18;7;8;15
"855426";"https://www.fourfourtwo.com/statszone/8-2016/matches/855426";"KingPowerStadiumLeicester,Monday,February27,2017-20:00";"LeicesterCity";"Liverpool";"3-1";3;1;30,7;69,3;155;523;5;12;101;240;14;17;8;5
"855429";"https://www.fourfourtwo.com/statszone/8-2016/matches/855429";"WhiteHartLaneLondon,Sunday,February26,2017-13:30";"TottenhamHotspur";"StokeCity";"4-0";4;0;64,3;35,7;503;215;8;5;155;72;21;5;11;14
"855422";"https://www.fourfourtwo.com/statszone/8-2016/matches/855422";"StamfordBridgeLondon,Saturday,February25,2017-15:00";"Chelsea";"SwanseaCity";"3-1";3;1;65,9;34,1;631;282;8;1;234;86;16;3;11;14
"855423";"https://www.fourfourtwo.com/statszone/8-2016/matches/855423";"SelhurstParkLondon,Saturday,February25,2017-15:00";"CrystalPalace";"Middlesbrough";"1-0";1;0;45,6;54,4;246;324;4;2;153;94;15;11;13;15
"855424";"https://www.fourfourtwo.com/statszone/8-2016/matches/855424";"GoodisonParkLiverpool,Saturday,February25,2017-15:00";"Everton";"Sunderland";"2-0";2;0;63,1;36,9;421;180;10;6;133;100;20;10;10;16
"855425";"https://www.fourfourtwo.com/statszone/8-2016/matches/855425";"KCOMStadiumHull,Saturday,February25,2017-15:00";"HullCity";"Burnley";"1-1";1;1;66,8;33,2;367;130;6;3;144;88;15;11;8;13
"855431";"https://www.fourfourtwo.com/statszone/8-2016/matches/855431";"TheHawthornsWestBromwich,Saturday,February25,2017-15:00";"WestBromwichAlbion";"Bournemouth";"2-1";2;1;32,1;67,9;210;552;8;6;95;199;13;12;12;5
"855430";"https://www.fourfourtwo.com/statszone/8-2016/matches/855430";"VicarageRoadWatford,Saturday,February25,2017-17:30";"Watford";"WestHamUnited";"1-1";1;1;35,6;64,4;165;367;4;6;83;120;9;13;18;14
"855412";"https://www.fourfourtwo.com/statszone/8-2016/matches/855412";"VitalityStadiumBournemouth,Monday,February13,2017-20:00";"Bournemouth";"ManchesterCity";"0-2";0;2;37,7;62,3;279;521;3;7;119;174;5;17;8;11
"855414";"https://www.fourfourtwo.com/statszone/8-2016/matches/855414";"TurfMoorBurnley,Sunday,February12,2017-13:30";"Burnley";"Chelsea";"1-1";1;1;28,3;71,7;176;611;1;1;102;235;7;13;12;11
"855420";"https://www.fourfourtwo.com/statszone/8-2016/matches/855420";"LibertyStadiumSwansea,Sunday,February12,2017-16:00";"SwanseaCity";"LeicesterCity";"2-0";2;0;49;51;350;369;7;3;117;145;10;9;7;14
"855413";"https://www.fourfourtwo.com/statszone/8-2016/matches/855413";"EmiratesStadiumLondon,Saturday,February11,2017-12:30";"Arsenal";"HullCity";"2-0";2;0;49,1;50,9;387;379;3;8;185;148;17;9;12;9
"855416";"https://www.fourfourtwo.com/statszone/8-2016/matches/855416";"OldTraffordManchester,Saturday,February11,2017-15:00";"ManchesterUnited";"Watford";"2-0";2;0;57,9;42,1;491;325;5;1;181;93;22;9;10;12
"855417";"https://www.fourfourtwo.com/statszone/8-2016/matches/855417";"RiversideStadiumMiddlesbrough,Saturday,February11,2017-15:00";"Middlesbrough";"Everton";"0-0";0;0;45,9;54,1;342;451;5;2;108;107;9;7;14;9
"855418";"https://www.fourfourtwo.com/statszone/8-2016/matches/855418";"bet365StadiumStoke,Saturday,February11,2017-15:00";"StokeCity";"CrystalPalace";"1-0";1;0;57,5;42,5;328;224;5;5;154;90;7;6;10;14
"855419";"https://www.fourfourtwo.com/statszone/8-2016/matches/855419";"StadiumofLightSunderland,Saturday,February11,2017-15:00";"Sunderland";"Southampton";"0-4";0;4;46,2;53,8;347;436;6;2;107;168;6;15;12;15
"855421";"https://www.fourfourtwo.com/statszone/8-2016/matches/855421";"LondonStadiumLondon,Saturday,February11,2017-15:00";"WestHamUnited";"WestBromwichAlbion";"2-2";2;2;65,2;34,8;445;182;7;5;165;86;16;8;7;14
"855415";"https://www.fourfourtwo.com/statszone/8-2016/matches/855415";"AnfieldLiverpool,Saturday,February11,2017-17:30";"Liverpool";"TottenhamHotspur";"2-0";2;0;50,9;49,1;299;295;10;3;184;106;17;7;14;14
"855407";"https://www.fourfourtwo.com/statszone/8-2016/matches/855407";"EtihadStadiumManchester,Sunday,February5,2017-13:30";"ManchesterCity";"SwanseaCity";"2-1";2;1;68,8;31,2;621;208;10;3;244;95;17;4;9;13
"855406";"https://www.fourfourtwo.com/statszone/8-2016/matches/855406";"KingPowerStadiumLeicester,Sunday,February5,2017-16:00";"LeicesterCity";"ManchesterUnited";"0-3";0;3;32,4;67,6;190;537;10;3;97;178;11;16;12;13
"855402";"https://www.fourfourtwo.com/statszone/8-2016/matches/855402";"StamfordBridgeLondon,Saturday,February4,2017-12:30";"Chelsea";"Arsenal";"3-1";3;1;41,7;58,3;324;467;10;13;157;181;13;9;14;8
"855403";"https://www.fourfourtwo.com/statszone/8-2016/matches/855403";"SelhurstParkLondon,Saturday,February4,2017-15:00";"CrystalPalace";"Sunderland";"0-4";0;4;65,7;34,3;412;192;7;1;189;72;21;10;9;8
"855404";"https://www.fourfourtwo.com/statszone/8-2016/matches/855404";"GoodisonParkLiverpool,Saturday,February4,2017-15:00";"Everton";"Bournemouth";"6-3";6;3;45,7;54,3;388;474;4;8;134;184;15;18;14;4
"855405";"https://www.fourfourtwo.com/statszone/8-2016/matches/855405";"KCOMStadiumHull,Saturday,February4,2017-15:00";"HullCity";"Liverpool";"2-0";2;0;27,8;72,2;153;522;1;15;69;275;7;22;9;12
"855408";"https://www.fourfourtwo.com/statszone/8-2016/matches/855408";"St.Mary'sStadiumSouthampton,Saturday,February4,2017-15:00";"Southampton";"WestHamUnited";"1-3";1;3;55,4;44,6;387;288;3;2;118;96;21;6;12;15
"855410";"https://www.fourfourtwo.com/statszone/8-2016/matches/855410";"VicarageRoadWatford,Saturday,February4,2017-15:00";"Watford";"Burnley";"2-1";2;1;60,4;39,6;397;203;3;6;185;86;16;11;12;10
"855411";"https://www.fourfourtwo.com/statszone/8-2016/matches/855411";"TheHawthornsWestBromwich,Saturday,February4,2017-15:00";"WestBromwichAlbion";"StokeCity";"1-0";1;0;37,7;62,3;220;412;5;6;126;183;15;12;6;13
"855409";"https://www.fourfourtwo.com/statszone/8-2016/matches/855409";"WhiteHartLaneLondon,Saturday,February4,2017-17:30";"TottenhamHotspur";"Middlesbrough";"1-0";1;0;65,2;34,8;490;210;11;2;210;89;17;8;8;11
"855399";"https://www.fourfourtwo.com/statszone/8-2016/matches/855399";"LondonStadiumLondon,Wednesday,February1,2017-19:45";"WestHamUnited";"ManchesterCity";"0-4";0;4;29,7;70,3;207;589;2;4;82;137;6;11;11;14
"855395";"https://www.fourfourtwo.com/statszone/8-2016/matches/855395";"OldTraffordManchester,Wednesday,February1,2017-20:00";"ManchesterUnited";"HullCity";"0-0";0;0;67,1;32,9;534;224;7;1;222;75;16;6;20;16
"855401";"https://www.fourfourtwo.com/statszone/8-2016/matches/855401";"bet365StadiumStoke,Wednesday,February1,2017-20:00";"StokeCity";"Everton";"1-1";1;1;47,1;52,9;326;376;5;5;116;121;14;15;21;12
"855392";"https://www.fourfourtwo.com/statszone/8-2016/matches/855392";"VitalityStadiumBournemouth,Tuesday,January31,2017-19:45";"Bournemouth";"CrystalPalace";"0-2";0;2;65,1;34,9;375;145;2;3;139;105;10;11;14;23
"855393";"https://www.fourfourtwo.com/statszone/8-2016/matches/855393";"EmiratesStadiumLondon,Tuesday,January31,2017-19:45";"Arsenal";"Watford";"1-2";1;2;73,5;26,5;498;121;9;5;198;79;20;10;12;15
"855394";"https://www.fourfourtwo.com/statszone/8-2016/matches/855394";"TurfMoorBurnley,Tuesday,January31,2017-19:45";"Burnley";"LeicesterCity";"1-0";1;0;59,9;40,1;286;155;10;2;164;75;24;13;4;8
"855396";"https://www.fourfourtwo.com/statszone/8-2016/matches/855396";"RiversideStadiumMiddlesbrough,Tuesday,January31,2017-19:45";"Middlesbrough";"WestBromwichAlbion";"1-1";1;1;61,7;38,3;382;199;4;3;133;124;11;15;12;13
"855397";"https://www.fourfourtwo.com/statszone/8-2016/matches/855397";"StadiumofLightSunderland,Tuesday,January31,2017-19:45";"Sunderland";"TottenhamHotspur";"0-0";0;0;28,4;71,6;136;463;2;12;88;219;3;14;9;13
"855398";"https://www.fourfourtwo.com/statszone/8-2016/matches/855398";"LibertyStadiumSwansea,Tuesday,January31,2017-19:45";"SwanseaCity";"Southampton";"2-1";2;1;43,1;56,9;335;469;5;4;103;143;12;10;10;19
"855400";"https://www.fourfourtwo.com/statszone/8-2016/matches/855400";"AnfieldLiverpool,Tuesday,January31,2017-20:00";"Liverpool";"Chelsea";"1-1";1;1;62,4;37,6;503;262;3;3;191;96;7;8;13;8
"855389";"https://www.fourfourtwo.com/statszone/8-2016/matches/855389";"St.Mary'sStadiumSouthampton,Sunday,January22,2017-12:00";"Southampton";"LeicesterCity";"3-0";3;0;60,1;39,9;356;195;7;2;149;111;20;11;8;10
"855383";"https://www.fourfourtwo.com/statszone/8-2016/matches/855383";"EmiratesStadiumLondon,Sunday,January22,2017-14:15";"Arsenal";"Burnley";"2-1";2;1;69,8;30,2;499;155;10;4;218;92;24;13;12;11
"855384";"https://www.fourfourtwo.com/statszone/8-2016/matches/855384";"StamfordBridgeLondon,Sunday,January22,2017-16:30";"Chelsea";"HullCity";"2-0";2;0;52,8;47,2;466;423;9;7;225;120;9;9;12;10
"855386";"https://www.fourfourtwo.com/statszone/8-2016/matches/855386";"AnfieldLiverpool,Saturday,January21,2017-12:30";"Liverpool";"SwanseaCity";"2-3";2;3;73,6;26,4;679;211;6;3;257;83;16;6;7;7
"855382";"https://www.fourfourtwo.com/statszone/8-2016/matches/855382";"VitalityStadiumBournemouth,Saturday,January21,2017-15:00";"Bournemouth";"Watford";"2-2";2;2;62,9;37,1;411;198;9;4;204;99;15;10;6;16
"855385";"https://www.fourfourtwo.com/statszone/8-2016/matches/855385";"SelhurstParkLondon,Saturday,January21,2017-15:00";"CrystalPalace";"Everton";"0-1";0;1;44;56;269;377;8;7;131;191;8;17;10;15
"855388";"https://www.fourfourtwo.com/statszone/8-2016/matches/855388";"RiversideStadiumMiddlesbrough,Saturday,January21,2017-15:00";"Middlesbrough";"WestHamUnited";"1-3";1;3;61,5;38,5;423;251;7;5;172;112;11;13;7;14
"855390";"https://www.fourfourtwo.com/statszone/8-2016/matches/855390";"bet365StadiumStoke,Saturday,January21,2017-15:00";"StokeCity";"ManchesterUnited";"1-1";1;1;34,9;65,1;226;497;1;7;83;225;6;25;13;12
"855391";"https://www.fourfourtwo.com/statszone/8-2016/matches/855391";"TheHawthornsWestBromwich,Saturday,January21,2017-15:00";"WestBromwichAlbion";"Sunderland";"2-0";2;0;44,4;55,6;265;359;1;4;128;158;14;9;15;12
"855387";"https://www.fourfourtwo.com/statszone/8-2016/matches/855387";"EtihadStadiumManchester,Saturday,January21,2017-17:30";"ManchesterCity";"TottenhamHotspur";"2-2";2;2;54,6;45,4;359;280;5;4;178;90;17;6;10;7
"855373";"https://www.fourfourtwo.com/statszone/8-2016/matches/855373";"GoodisonParkLiverpool,Sunday,January15,2017-13:30";"Everton";"ManchesterCity";"4-0";4;0;29,2;70,8;180;592;3;6;98;229;6;13;17;7
"855376";"https://www.fourfourtwo.com/statszone/8-2016/matches/855376";"OldTraffordManchester,Sunday,January15,2017-16:00";"ManchesterUnited";"Liverpool";"1-1";1;1;55,9;44,1;371;278;5;7;145;107;9;13;17;13
"855379";"https://www.fourfourtwo.com/statszone/8-2016/matches/855379";"WhiteHartLaneLondon,Saturday,January14,2017-12:30";"TottenhamHotspur";"WestBromwichAlbion";"4-0";4;0;72,9;27,1;584;158;8;0;174;82;21;3;11;12
"855372";"https://www.fourfourtwo.com/statszone/8-2016/matches/855372";"TurfMoorBurnley,Saturday,January14,2017-15:00";"Burnley";"Southampton";"1-0";1;0;40,9;59,1;177;314;2;7;107;131;9;20;14;14
"855374";"https://www.fourfourtwo.com/statszone/8-2016/matches/855374";"KCOMStadiumHull,Saturday,January14,2017-15:00";"HullCity";"Bournemouth";"3-1";3;1;39,2;60,8;269;467;4;5;100;169;14;8;13;11
"855377";"https://www.fourfourtwo.com/statszone/8-2016/matches/855377";"StadiumofLightSunderland,Saturday,January14,2017-15:00";"Sunderland";"StokeCity";"1-3";1;3;51,2;48,8;340;314;5;2;144;109;13;14;16;11
"855378";"https://www.fourfourtwo.com/statszone/8-2016/matches/855378";"LibertyStadiumSwansea,Saturday,January14,2017-15:00";"SwanseaCity";"Arsenal";"0-4";0;4;43,2;56,8;372;501;3;2;125;190;12;14;12;8
"855380";"https://www.fourfourtwo.com/statszone/8-2016/matches/855380";"VicarageRoadWatford,Saturday,January14,2017-15:00";"Watford";"Middlesbrough";"0-0";0;0;46,6;53,4;246;323;3;1;116;93;12;5;15;15
"855381";"https://www.fourfourtwo.com/statszone/8-2016/matches/855381";"LondonStadiumLondon,Saturday,January14,2017-15:00";"WestHamUnited";"CrystalPalace";"3-0";3;0;44,1;55,9;250;353;2;2;104;122;14;10;10;14
"855375";"https://www.fourfourtwo.com/statszone/8-2016/matches/855375";"KingPowerStadiumLeicester,Saturday,January14,2017-17:30";"LeicesterCity";"Chelsea";"0-3";0;3;35,2;64,8;231;538;3;5;92;185;7;8;8;9
"855369";"https://www.fourfourtwo.com/statszone/8-2016/matches/855369";"WhiteHartLaneLondon,Wednesday,January4,2017-20:00";"TottenhamHotspur";"Chelsea";"2-0";2;0;45,5;54,5;329;424;1;6;109;143;9;11;9;8
"855362";"https://www.fourfourtwo.com/statszone/8-2016/matches/855362";"VitalityStadiumBournemouth,Tuesday,January3,2017-19:45";"Bournemouth";"Arsenal";"3-3";3;3;39,6;60,4;273;466;4;7;141;212;13;14;10;12
"855363";"https://www.fourfourtwo.com/statszone/8-2016/matches/855363";"SelhurstParkLondon,Tuesday,January3,2017-20:00";"CrystalPalace";"SwanseaCity";"1-2";1;2;47,1;52,9;314;374;4;5;114;154;7;11;13;14
"855367";"https://www.fourfourtwo.com/statszone/8-2016/matches/855367";"bet365StadiumStoke,Tuesday,January3,2017-20:00";"StokeCity";"Watford";"2-0";2;0;54;46;293;234;7;6;115;101;16;9;10;15
"855366";"https://www.fourfourtwo.com/statszone/8-2016/matches/855366";"RiversideStadiumMiddlesbrough,Monday,January2,2017-12:30";"Middlesbrough";"LeicesterCity";"0-0";0;0;62,4;37,6;428;212;2;2;157;100;9;10;10;9
"855364";"https://www.fourfourtwo.com/statszone/8-2016/matches/855364";"GoodisonParkLiverpool,Monday,January2,2017-15:00";"Everton";"Southampton";"3-0";3;0;54;46;363;295;10;8;171;116;17;12;5;14
"855365";"https://www.fourfourtwo.com/statszone/8-2016/matches/855365";"EtihadStadiumManchester,Monday,January2,2017-15:00";"ManchesterCity";"Burnley";"2-1";2;1;55;45;357;242;8;8;122;113;14;11;11;11
"855368";"https://www.fourfourtwo.com/statszone/8-2016/matches/855368";"StadiumofLightSunderland,Monday,January2,2017-15:00";"Sunderland";"Liverpool";"2-2";2;2;29,3;70,7;196;602;2;5;93;224;10;21;10;10
"855370";"https://www.fourfourtwo.com/statszone/8-2016/matches/855370";"TheHawthornsWestBromwich,Monday,January2,2017-15:00";"WestBromwichAlbion";"HullCity";"3-1";3;1;41;59;265;437;7;9;107;159;8;17;5;4
"855371";"https://www.fourfourtwo.com/statszone/8-2016/matches/855371";"LondonStadiumLondon,Monday,January2,2017-17:15";"WestHamUnited";"ManchesterUnited";"0-2";0;2;36,2;63,8;308;636;2;1;99;235;8;13;9;13
"855361";"https://www.fourfourtwo.com/statszone/8-2016/matches/855361";"VicarageRoadWatford,Sunday,January1,2017-13:30";"Watford";"TottenhamHotspur";"1-4";1;4;34,1;65,9;183;476;0;3;84;162;6;19;11;6
"855352";"https://www.fourfourtwo.com/statszone/8-2016/matches/855352";"EmiratesStadiumLondon,Sunday,January1,2017-16:00";"Arsenal";"CrystalPalace";"2-0";2;0;64,1;35,9;537;251;8;4;225;124;22;7;9;7
"855353";"https://www.fourfourtwo.com/statszone/8-2016/matches/855353";"TurfMoorBurnley,Saturday,December31,2016-15:00";"Burnley";"Sunderland";"4-1";4;1;45,8;54,2;231;309;6;2;105;125;16;11;10;9
"855354";"https://www.fourfourtwo.com/statszone/8-2016/matches/855354";"StamfordBridgeLondon,Saturday,December31,2016-15:00";"Chelsea";"StokeCity";"4-2";4;2;59,6;40,4;397;237;8;3;164;94;18;5;12;10
"855356";"https://www.fourfourtwo.com/statszone/8-2016/matches/855356";"KingPowerStadiumLeicester,Saturday,December31,2016-15:00";"LeicesterCity";"WestHamUnited";"1-0";1;0;39,7;60,3;202;362;7;7;110;122;12;24;11;8
"855358";"https://www.fourfourtwo.com/statszone/8-2016/matches/855358";"OldTraffordManchester,Saturday,December31,2016-15:00";"ManchesterUnited";"Middlesbrough";"2-1";2;1;65,5;34,5;529;239;12;2;230;61;32;9;9;14
"855359";"https://www.fourfourtwo.com/statszone/8-2016/matches/855359";"St.Mary'sStadiumSouthampton,Saturday,December31,2016-15:00";"Southampton";"WestBromwichAlbion";"1-2";1;2;67,8;32,2;474;172;8;3;166;102;10;7;13;17
"855360";"https://www.fourfourtwo.com/statszone/8-2016/matches/855360";"LibertyStadiumSwansea,Saturday,December31,2016-15:00";"SwanseaCity";"Bournemouth";"0-3";0;3;45,3;54,7;366;478;4;3;147;142;14;11;14;9
"855357";"https://www.fourfourtwo.com/statszone/8-2016/matches/855357";"AnfieldLiverpool,Saturday,December31,2016-17:30";"Liverpool";"ManchesterCity";"1-0";1;0;43;57;301;457;4;6;137;127;5;9;12;12
"855355";"https://www.fourfourtwo.com/statszone/8-2016/matches/855355";"KCOMStadiumHull,Friday,December30,2016-20:00";"HullCity";"Everton";"2-2";2;2;43,4;56,6;288;424;5;5;122;147;13;20;10;13
"855349";"https://www.fourfourtwo.com/statszone/8-2016/matches/855349";"St.Mary'sStadiumSouthampton,Wednesday,December28,2016-19:45";"Southampton";"TottenhamHotspur";"1-4";1;4;34,3;65,7;219;517;2;10;81;209;9;17;7;16
"855347";"https://www.fourfourtwo.com/statszone/8-2016/matches/855347";"AnfieldLiverpool,Tuesday,December27,2016-17:15";"Liverpool";"StokeCity";"4-1";4;1;63,8;36,2;513;248;8;2;198;97;20;6;9;6
"855351";"https://www.fourfourtwo.com/statszone/8-2016/matches/855351";"VicarageRoadWatford,Monday,December26,2016-12:30";"Watford";"CrystalPalace";"1-1";1;1;56,1;43,9;232;171;7;3;129;85;9;10;18;17
"855342";"https://www.fourfourtwo.com/statszone/8-2016/matches/855342";"EmiratesStadiumLondon,Monday,December26,2016-15:00";"Arsenal";"WestBromwichAlbion";"1-0";1;0;75,6;24,4;730;167;6;5;396;68;26;3;12;7
"855343";"https://www.fourfourtwo.com/statszone/8-2016/matches/855343";"TurfMoorBurnley,Monday,December26,2016-15:00";"Burnley";"Middlesbrough";"1-0";1;0;45,6;54,4;186;273;7;3;111;106;6;8;17;18
"855344";"https://www.fourfourtwo.com/statszone/8-2016/matches/855344";"StamfordBridgeLondon,Monday,December26,2016-15:00";"Chelsea";"Bournemouth";"3-0";3;0;44,4;55,6;398;500;5;5;189;147;14;7;13;14
"855346";"https://www.fourfourtwo.com/statszone/8-2016/matches/855346";"KingPowerStadiumLeicester,Monday,December26,2016-15:00";"LeicesterCity";"Everton";"0-2";0;2;42;58;262;404;3;4;141;163;7;8;14;7
"855348";"https://www.fourfourtwo.com/statszone/8-2016/matches/855348";"OldTraffordManchester,Monday,December26,2016-15:00";"ManchesterUnited";"Sunderland";"3-1";3;1;62,2;37,8;534;270;5;5;223;115;26;9;6;9
"855350";"https://www.fourfourtwo.com/statszone/8-2016/matches/855350";"LibertyStadiumSwansea,Monday,December26,2016-15:00";"SwanseaCity";"WestHamUnited";"1-4";1;4;56,2;43,8;425;311;8;4;127;89;14;14;10;12
"855345";"https://www.fourfourtwo.com/statszone/8-2016/matches/855345";"KCOMStadiumHull,Monday,December26,2016-17:15";"HullCity";"ManchesterCity";"0-3";0;3;32,7;67,3;225;587;4;7;105;201;10;16;11;14
"855334";"https://www.fourfourtwo.com/statszone/8-2016/matches/855334";"GoodisonParkLiverpool,Monday,December19,2016-20:00";"Everton";"Liverpool";"0-1";0;1;32,3;67,7;176;498;1;6;96;198;6;11;13;9
"855332";"https://www.fourfourtwo.com/statszone/8-2016/matches/855332";"VitalityStadiumBournemouth,Sunday,December18,2016-13:30";"Bournemouth";"Southampton";"1-3";1;3;46,9;53,1;365;421;7;4;170;165;10;14;6;12
"855335";"https://www.fourfourtwo.com/statszone/8-2016/matches/855335";"EtihadStadiumManchester,Sunday,December18,2016-16:00";"ManchesterCity";"Arsenal";"2-1";2;1;60,6;39,4;499;280;8;1;217;76;14;6;9;13
"855339";"https://www.fourfourtwo.com/statszone/8-2016/matches/855339";"WhiteHartLaneLondon,Sunday,December18,2016-16:00";"TottenhamHotspur";"Burnley";"2-1";2;1;60,2;39,8;396;197;11;2;169;100;30;5;10;11
"855333";"https://www.fourfourtwo.com/statszone/8-2016/matches/855333";"SelhurstParkLondon,Saturday,December17,2016-12:30";"CrystalPalace";"Chelsea";"0-1";0;1;53,5;46,5;366;317;5;3;140;147;6;13;12;15
"855336";"https://www.fourfourtwo.com/statszone/8-2016/matches/855336";"RiversideStadiumMiddlesbrough,Saturday,December17,2016-15:00";"Middlesbrough";"SwanseaCity";"3-0";3;0;43,1;56,9;302;417;3;8;77;179;10;14;10;11
"855337";"https://www.fourfourtwo.com/statszone/8-2016/matches/855337";"bet365StadiumStoke,Saturday,December17,2016-15:00";"StokeCity";"LeicesterCity";"2-2";2;2;64,9;35,1;487;225;9;9;200;87;16;14;9;12
"855338";"https://www.fourfourtwo.com/statszone/8-2016/matches/855338";"StadiumofLightSunderland,Saturday,December17,2016-15:00";"Sunderland";"Watford";"1-0";1;0;42,6;57,4;184;259;4;11;110;115;11;10;10;9
"855341";"https://www.fourfourtwo.com/statszone/8-2016/matches/855341";"LondonStadiumLondon,Saturday,December17,2016-15:00";"WestHamUnited";"HullCity";"1-0";1;0;56,3;43,7;339;219;10;6;121;125;19;16;13;9
"855340";"https://www.fourfourtwo.com/statszone/8-2016/matches/855340";"TheHawthornsWestBromwich,Saturday,December17,2016-17:30";"WestBromwichAlbion";"ManchesterUnited";"0-2";0;2;42,1;57,9;303;473;2;3;152;149;10;10;9;13
"855324";"https://www.fourfourtwo.com/statszone/8-2016/matches/855324";"RiversideStadiumMiddlesbrough,Wednesday,December14,2016-19:45";"Middlesbrough";"Liverpool";"0-3";0;3;37,1;62,9;310;595;5;2;76;190;8;15;11;14
"855325";"https://www.fourfourtwo.com/statszone/8-2016/matches/855325";"StadiumofLightSunderland,Wednesday,December14,2016-19:45";"Sunderland";"Chelsea";"0-1";0;1;33,9;66,1;224;534;5;5;91;244;8;19;15;10
"855327";"https://www.fourfourtwo.com/statszone/8-2016/matches/855327";"LondonStadiumLondon,Wednesday,December14,2016-19:45";"WestHamUnited";"Burnley";"1-0";1;0;58,4;41,6;348;192;6;1;145;107;20;8;12;15
"855323";"https://www.fourfourtwo.com/statszone/8-2016/matches/855323";"SelhurstParkLondon,Wednesday,December14,2016-20:00";"CrystalPalace";"ManchesterUnited";"1-2";1;2;39,1;60,9;292;525;1;8;100;205;6;16;16;10
"855326";"https://www.fourfourtwo.com/statszone/8-2016/matches/855326";"TheHawthornsWestBromwich,Wednesday,December14,2016-20:00";"WestBromwichAlbion";"SwanseaCity";"3-1";3;1;39,3;60,7;255;418;0;11;131;98;13;9;8;8
"855329";"https://www.fourfourtwo.com/statszone/8-2016/matches/855329";"EtihadStadiumManchester,Wednesday,December14,2016-20:00";"ManchesterCity";"Watford";"2-0";2;0;63,4;36,6;403;199;5;2;203;83;13;5;16;20
"855330";"https://www.fourfourtwo.com/statszone/8-2016/matches/855330";"bet365StadiumStoke,Wednesday,December14,2016-20:00";"StokeCity";"Southampton";"0-0";0;0;28,3;71,7;130;491;3;11;66;245;5;15;9;10
"855331";"https://www.fourfourtwo.com/statszone/8-2016/matches/855331";"WhiteHartLaneLondon,Wednesday,December14,2016-20:00";"TottenhamHotspur";"HullCity";"3-0";3;0;63,4;36,6;586;272;5;5;171;126;27;10;6;14
"855322";"https://www.fourfourtwo.com/statszone/8-2016/matches/855322";"VitalityStadiumBournemouth,Tuesday,December13,2016-19:45";"Bournemouth";"LeicesterCity";"1-0";1;0;62,9;37,1;443;203;4;11;179;106;9;12;5;15
"855328";"https://www.fourfourtwo.com/statszone/8-2016/matches/855328";"GoodisonParkLiverpool,Tuesday,December13,2016-19:45";"Everton";"Arsenal";"2-1";2;1;41,5;58,5;246;417;8;3;137;170;14;9;10;10
"855314";"https://www.fourfourtwo.com/statszone/8-2016/matches/855314";"StamfordBridgeLondon,Sunday,December11,2016-12:00";"Chelsea";"WestBromwichAlbion";"1-0";1;0;66,9;33,1;479;177;3;1;207;99;12;6;6;10
"855318";"https://www.fourfourtwo.com/statszone/8-2016/matches/855318";"OldTraffordManchester,Sunday,December11,2016-14:15";"ManchesterUnited";"TottenhamHotspur";"1-0";1;0;40,2;59,8;192;328;3;8;123;151;14;12;19;17
"855319";"https://www.fourfourtwo.com/statszone/8-2016/matches/855319";"St.Mary'sStadiumSouthampton,Sunday,December11,2016-14:15";"Southampton";"Middlesbrough";"1-0";1;0;55,1;44,9;392;307;4;2;118;100;14;6;14;12
"855317";"https://www.fourfourtwo.com/statszone/8-2016/matches/855317";"AnfieldLiverpool,Sunday,December11,2016-16:30";"Liverpool";"WestHamUnited";"2-2";2;2;67,1;32,9;511;188;11;4;216;89;19;8;7;8
"855321";"https://www.fourfourtwo.com/statszone/8-2016/matches/855321";"VicarageRoadWatford,Saturday,December10,2016-12:30";"Watford";"Everton";"3-2";3;2;47,3;52,7;259;285;2;4;134;122;11;11;11;16
"855312";"https://www.fourfourtwo.com/statszone/8-2016/matches/855312";"EmiratesStadiumLondon,Saturday,December10,2016-15:00";"Arsenal";"StokeCity";"3-1";3;1;64,4;35,6;458;202;7;7;235;83;21;12;9;6
"855313";"https://www.fourfourtwo.com/statszone/8-2016/matches/855313";"TurfMoorBurnley,Saturday,December10,2016-15:00";"Burnley";"Bournemouth";"3-2";3;2;30,6;69,4;134;444;4;11;104;218;15;18;14;18
"855315";"https://www.fourfourtwo.com/statszone/8-2016/matches/855315";"KCOMStadiumHull,Saturday,December10,2016-15:00";"HullCity";"CrystalPalace";"3-3";3;3;57;43;349;242;4;7;153;88;15;15;16;14
"855320";"https://www.fourfourtwo.com/statszone/8-2016/matches/855320";"LibertyStadiumSwansea,Saturday,December10,2016-15:00";"SwanseaCity";"Sunderland";"3-0";3;0;61,5;38,5;385;203;7;4;173;97;14;11;10;8
"855316";"https://www.fourfourtwo.com/statszone/8-2016/matches/855316";"KingPowerStadiumLeicester,Saturday,December10,2016-17:30";"LeicesterCity";"ManchesterCity";"4-2";4;2;22,1;77,9;118;628;3;11;89;277;11;19;10;7
"855306";"https://www.fourfourtwo.com/statszone/8-2016/matches/855306";"RiversideStadiumMiddlesbrough,Monday,December5,2016-20:00";"Middlesbrough";"HullCity";"1-0";1;0;60,7;39,3;522;300;13;7;168;80;16;6;6;10
"855302";"https://www.fourfourtwo.com/statszone/8-2016/matches/855302";"VitalityStadiumBournemouth,Sunday,December4,2016-13:30";"Bournemouth";"Liverpool";"4-3";4;3;39,8;60,2;292;472;4;9;86;198;12;10;9;17
"855304";"https://www.fourfourtwo.com/statszone/8-2016/matches/855304";"GoodisonParkLiverpool,Sunday,December4,2016-16:00";"Everton";"ManchesterUnited";"1-1";1;1;45,5;54,5;255;343;6;3;142;165;13;10;13;11
"855305";"https://www.fourfourtwo.com/statszone/8-2016/matches/855305";"EtihadStadiumManchester,Saturday,December3,2016-12:30";"ManchesterCity";"Chelsea";"1-3";1;3;60,7;39,3;453;268;9;2;172;109;14;10;14;9
"855303";"https://www.fourfourtwo.com/statszone/8-2016/matches/855303";"SelhurstParkLondon,Saturday,December3,2016-15:00";"CrystalPalace";"Southampton";"3-0";3;0;42,2;57,8;240;359;4;9;120;162;9;17;11;13
"855307";"https://www.fourfourtwo.com/statszone/8-2016/matches/855307";"bet365StadiumStoke,Saturday,December3,2016-15:00";"StokeCity";"Burnley";"2-0";2;0;55,9;44,1;345;243;4;9;132;152;10;14;7;13
"855308";"https://www.fourfourtwo.com/statszone/8-2016/matches/855308";"StadiumofLightSunderland,Saturday,December3,2016-15:00";"Sunderland";"LeicesterCity";"2-1";2;1;53,5;46,5;317;255;3;4;143;129;22;17;8;12
"855309";"https://www.fourfourtwo.com/statszone/8-2016/matches/855309";"WhiteHartLaneLondon,Saturday,December3,2016-15:00";"TottenhamHotspur";"SwanseaCity";"5-0";5;0;60;40;491;273;5;0;177;63;28;1;11;17
"855310";"https://www.fourfourtwo.com/statszone/8-2016/matches/855310";"TheHawthornsWestBromwich,Saturday,December3,2016-15:00";"WestBromwichAlbion";"Watford";"3-1";3;1;40,3;59,7;183;340;3;4;92;140;11;17;12;8
"855311";"https://www.fourfourtwo.com/statszone/8-2016/matches/855311";"LondonStadiumLondon,Saturday,December3,2016-17:30";"WestHamUnited";"Arsenal";"1-5";1;5;50,4;49,6;391;381;3;2;153;172;10;19;10;11
"855301";"https://www.fourfourtwo.com/statszone/8-2016/matches/855301";"VicarageRoadWatford,Sunday,November27,2016-12:00";"Watford";"StokeCity";"0-1";0;1;49,8;50,2;244;267;3;3;117;110;11;14;24;14
"855292";"https://www.fourfourtwo.com/statszone/8-2016/matches/855292";"EmiratesStadiumLondon,Sunday,November27,2016-14:15";"Arsenal";"Bournemouth";"3-1";3;1;51,5;48,5;378;332;3;10;181;136;16;9;12;13
"855298";"https://www.fourfourtwo.com/statszone/8-2016/matches/855298";"OldTraffordManchester,Sunday,November27,2016-16:30";"ManchesterUnited";"WestHamUnited";"1-1";1;1;68,4;31,6;537;186;8;4;216;80;17;6;16;16
"855299";"https://www.fourfourtwo.com/statszone/8-2016/matches/855299";"St.Mary'sStadiumSouthampton,Sunday,November27,2016-16:30";"Southampton";"Everton";"1-0";1;0;52,9;47,1;360;316;5;2;148;144;17;13;11;15
"855293";"https://www.fourfourtwo.com/statszone/8-2016/matches/855293";"TurfMoorBurnley,Saturday,November26,2016-12:30";"Burnley";"ManchesterCity";"1-2";1;2;33,3;66,7;142;441;5;8;111;157;10;21;8;15
"855295";"https://www.fourfourtwo.com/statszone/8-2016/matches/855295";"KCOMStadiumHull,Saturday,November26,2016-15:00";"HullCity";"WestBromwichAlbion";"1-1";1;1;53,3;46,7;380;311;2;6;131;133;10;11;7;10
"855296";"https://www.fourfourtwo.com/statszone/8-2016/matches/855296";"KingPowerStadiumLeicester,Saturday,November26,2016-15:00";"LeicesterCity";"Middlesbrough";"2-2";2;2;40,8;59,2;208;372;2;3;101;83;11;6;15;12
"855297";"https://www.fourfourtwo.com/statszone/8-2016/matches/855297";"AnfieldLiverpool,Saturday,November26,2016-15:00";"Liverpool";"Sunderland";"2-0";2;0;77,5;22,5;607;112;9;4;268;72;27;6;5;9
"855300";"https://www.fourfourtwo.com/statszone/8-2016/matches/855300";"LibertyStadiumSwansea,Saturday,November26,2016-15:00";"SwanseaCity";"CrystalPalace";"5-4";5;4;56,5;43,5;288;197;10;6;124;113;18;12;12;24
"855294";"https://www.fourfourtwo.com/statszone/8-2016/matches/855294";"StamfordBridgeLondon,Saturday,November26,2016-17:30";"Chelsea";"TottenhamHotspur";"2-1";2;1;45,9;54,1;290;366;3;8;116;142;9;12;13;16
"855291";"https://www.fourfourtwo.com/statszone/8-2016/matches/855291";"TheHawthornsWestBromwich,Monday,November21,2016-20:00";"WestBromwichAlbion";"Burnley";"4-0";4;0;45,5;54,5;312;383;4;3;137;134;16;5;12;12
"855285";"https://www.fourfourtwo.com/statszone/8-2016/matches/855285";"RiversideStadiumMiddlesbrough,Sunday,November20,2016-16:00";"Middlesbrough";"Chelsea";"0-1";0;1;42,4;57,6;362;520;2;3;79;206;12;13;13;10
"855284";"https://www.fourfourtwo.com/statszone/8-2016/matches/855284";"OldTraffordManchester,Saturday,November19,2016-12:30";"ManchesterUnited";"Arsenal";"1-1";1;1;45,5;54,5;343;431;10;4;168;162;12;5;14;11
"855282";"https://www.fourfourtwo.com/statszone/8-2016/matches/855282";"SelhurstParkLondon,Saturday,November19,2016-15:00";"CrystalPalace";"ManchesterCity";"1-2";1;2;38,3;61,7;160;332;2;7;109;127;8;10;12;15
"855283";"https://www.fourfourtwo.com/statszone/8-2016/matches/855283";"GoodisonParkLiverpool,Saturday,November19,2016-15:00";"Everton";"SwanseaCity";"1-1";1;1;62,7;37,3;383;201;10;3;186;99;14;6;13;12
"855286";"https://www.fourfourtwo.com/statszone/8-2016/matches/855286";"St.Mary'sStadiumSouthampton,Saturday,November19,2016-15:00";"Southampton";"Liverpool";"0-0";0;0;35,4;64,6;238;537;1;8;87;201;3;15;8;11
"855287";"https://www.fourfourtwo.com/statszone/8-2016/matches/855287";"bet365StadiumStoke,Saturday,November19,2016-15:00";"StokeCity";"Bournemouth";"0-1";0;1;51,1;48,9;247;259;3;4;130;113;14;8;17;10
"855288";"https://www.fourfourtwo.com/statszone/8-2016/matches/855288";"StadiumofLightSunderland,Saturday,November19,2016-15:00";"Sunderland";"HullCity";"3-0";3;0;41,8;58,2;289;452;2;8;101;170;11;17;9;8
"855290";"https://www.fourfourtwo.com/statszone/8-2016/matches/855290";"VicarageRoadWatford,Saturday,November19,2016-15:00";"Watford";"LeicesterCity";"2-1";2;1;45,8;54,2;218;267;4;6;109;126;10;11;12;18
"855289";"https://www.fourfourtwo.com/statszone/8-2016/matches/855289";"WhiteHartLaneLondon,Saturday,November19,2016-17:30";"TottenhamHotspur";"WestHamUnited";"3-2";3;2;66,9;33,1;507;209;4;5;155;89;14;11;13;16
"855273";"https://www.fourfourtwo.com/statszone/8-2016/matches/855273";"EmiratesStadiumLondon,Sunday,November6,2016-12:00";"Arsenal";"TottenhamHotspur";"1-1";1;1;45,7;54,3;295;389;7;2;185;128;15;10;11;17
"855276";"https://www.fourfourtwo.com/statszone/8-2016/matches/855276";"KCOMStadiumHull,Sunday,November6,2016-14:15";"HullCity";"Southampton";"2-1";2;1;33,6;66,4;224;536;1;10;77;206;6;19;13;15
"855278";"https://www.fourfourtwo.com/statszone/8-2016/matches/855278";"AnfieldLiverpool,Sunday,November6,2016-14:15";"Liverpool";"Watford";"6-1";6;1;59,6;40,4;444;254;6;3;200;93;28;11;14;10
"855280";"https://www.fourfourtwo.com/statszone/8-2016/matches/855280";"LibertyStadiumSwansea,Sunday,November6,2016-15:00";"SwanseaCity";"ManchesterUnited";"1-3";1;3;37,2;62,8;360;693;2;0;90;172;7;9;9;16
"855277";"https://www.fourfourtwo.com/statszone/8-2016/matches/855277";"KingPowerStadiumLeicester,Sunday,November6,2016-16:30";"LeicesterCity";"WestBromwichAlbion";"1-2";1;2;59,1;40,9;377;240;5;6;166;111;5;11;8;8
"855272";"https://www.fourfourtwo.com/statszone/8-2016/matches/855272";"VitalityStadiumBournemouth,Saturday,November5,2016-15:00";"Bournemouth";"Sunderland";"1-2";1;2;69,8;30,2;463;156;12;2;233;102;22;9;14;17
"855274";"https://www.fourfourtwo.com/statszone/8-2016/matches/855274";"TurfMoorBurnley,Saturday,November5,2016-15:00";"Burnley";"CrystalPalace";"3-2";3;2;38,2;61,8;214;396;4;7;79;141;14;16;11;12
"855279";"https://www.fourfourtwo.com/statszone/8-2016/matches/855279";"EtihadStadiumManchester,Saturday,November5,2016-15:00";"ManchesterCity";"Middlesbrough";"1-1";1;1;71;29;551;173;8;2;293;50;25;5;7;15
"855281";"https://www.fourfourtwo.com/statszone/8-2016/matches/855281";"LondonStadiumLondon,Saturday,November5,2016-15:00";"WestHamUnited";"StokeCity";"1-1";1;1;58,1;41,9;408;262;6;4;113;136;9;12;11;10
"855275";"https://www.fourfourtwo.com/statszone/8-2016/matches/855275";"StamfordBridgeLondon,Saturday,November5,2016-17:30";"Chelsea";"Everton";"5-0";5;0;60,1;39,9;612;377;4;2;217;108;21;1;5;16
"855267";"https://www.fourfourtwo.com/statszone/8-2016/matches/855267";"bet365StadiumStoke,Monday,October31,2016-20:00";"StokeCity";"SwanseaCity";"3-1";3;1;45,6;54,4;263;340;6;4;98;100;17;14;7;14
"855263";"https://www.fourfourtwo.com/statszone/8-2016/matches/855263";"GoodisonParkLiverpool,Sunday,October30,2016-13:30";"Everton";"WestHamUnited";"2-0";2;0;49,3;50,7;325;346;8;8;136;111;17;13;15;12
"855266";"https://www.fourfourtwo.com/statszone/8-2016/matches/855266";"St.Mary'sStadiumSouthampton,Sunday,October30,2016-16:00";"Southampton";"Chelsea";"0-2";0;2;54,8;45,2;403;323;7;3;171;127;10;13;13;16
"855268";"https://www.fourfourtwo.com/statszone/8-2016/matches/855268";"StadiumofLightSunderland,Saturday,October29,2016-12:30";"Sunderland";"Arsenal";"1-4";1;4;34,2;65,8;214;507;0;8;118;177;3;21;9;13
"855264";"https://www.fourfourtwo.com/statszone/8-2016/matches/855264";"OldTraffordManchester,Saturday,October29,2016-15:00";"ManchesterUnited";"Burnley";"0-0";0;0;72,2;27,8;563;160;19;1;238;90;38;7;12;9
"855265";"https://www.fourfourtwo.com/statszone/8-2016/matches/855265";"RiversideStadiumMiddlesbrough,Saturday,October29,2016-15:00";"Middlesbrough";"Bournemouth";"2-0";2;0;40,4;59,6;272;432;4;9;77;204;11;18;7;7
"855269";"https://www.fourfourtwo.com/statszone/8-2016/matches/855269";"WhiteHartLaneLondon,Saturday,October29,2016-15:00";"TottenhamHotspur";"LeicesterCity";"1-1";1;1;63,9;36,1;401;179;8;1;160;117;22;6;11;20
"855270";"https://www.fourfourtwo.com/statszone/8-2016/matches/855270";"VicarageRoadWatford,Saturday,October29,2016-15:00";"Watford";"HullCity";"1-0";1;0;54,5;45,5;368;287;7;2;154;129;23;8;13;8
"855271";"https://www.fourfourtwo.com/statszone/8-2016/matches/855271";"TheHawthornsWestBromwich,Saturday,October29,2016-15:00";"WestBromwichAlbion";"ManchesterCity";"0-4";0;4;30,1;69,9;215;594;1;7;70;185;9;21;17;10
"855262";"https://www.fourfourtwo.com/statszone/8-2016/matches/855262";"SelhurstParkLondon,Saturday,October29,2016-17:30";"CrystalPalace";"Liverpool";"2-4";2;4;44,4;55,6;300;398;3;3;142;200;7;17;15;5
"855259";"https://www.fourfourtwo.com/statszone/8-2016/matches/855259";"EtihadStadiumManchester,Sunday,October23,2016-13:30";"ManchesterCity";"Southampton";"1-1";1;1;64,7;35,3;483;216;10;3;197;85;14;6;11;10
"855255";"https://www.fourfourtwo.com/statszone/8-2016/matches/855255";"StamfordBridgeLondon,Sunday,October23,2016-16:00";"Chelsea";"ManchesterUnited";"4-0";4;0;43,9;56,1;359;480;5;7;113;215;14;16;7;17
"855252";"https://www.fourfourtwo.com/statszone/8-2016/matches/855252";"VitalityStadiumBournemouth,Saturday,October22,2016-12:30";"Bournemouth";"TottenhamHotspur";"0-0";0;0;38,4;61,6;229;446;7;4;97;176;8;16;10;15
"855253";"https://www.fourfourtwo.com/statszone/8-2016/matches/855253";"EmiratesStadiumLondon,Saturday,October22,2016-15:00";"Arsenal";"Middlesbrough";"0-0";0;0;74,9;25,1;601;127;8;3;308;73;10;11;6;13
"855254";"https://www.fourfourtwo.com/statszone/8-2016/matches/855254";"TurfMoorBurnley,Saturday,October22,2016-15:00";"Burnley";"Everton";"2-1";2;1;34,9;65,1;195;452;2;8;77;203;10;21;16;15
"855256";"https://www.fourfourtwo.com/statszone/8-2016/matches/855256";"KCOMStadiumHull,Saturday,October22,2016-15:00";"HullCity";"StokeCity";"0-2";0;2;48,9;51,1;361;370;5;7;111;137;9;12;16;8
"855257";"https://www.fourfourtwo.com/statszone/8-2016/matches/855257";"KingPowerStadiumLeicester,Saturday,October22,2016-15:00";"LeicesterCity";"CrystalPalace";"3-1";3;1;44,6;55,4;293;383;8;8;161;129;16;23;10;8
"855260";"https://www.fourfourtwo.com/statszone/8-2016/matches/855260";"LibertyStadiumSwansea,Saturday,October22,2016-15:00";"SwanseaCity";"Watford";"0-0";0;0;53,8;46,2;344;280;7;2;152;95;11;10;15;16
"855261";"https://www.fourfourtwo.com/statszone/8-2016/matches/855261";"LondonStadiumLondon,Saturday,October22,2016-15:00";"WestHamUnited";"Sunderland";"1-0";1;0;64,4;35,6;466;203;6;2;184;91;20;10;10;13
"855258";"https://www.fourfourtwo.com/statszone/8-2016/matches/855258";"AnfieldLiverpool,Saturday,October22,2016-17:30";"Liverpool";"WestBromwichAlbion";"2-1";2;1;67,5;32,5;557;201;3;2;190;105;21;7;9;13
"855246";"https://www.fourfourtwo.com/statszone/8-2016/matches/855246";"AnfieldLiverpool,Monday,October17,2016-20:00";"Liverpool";"ManchesterUnited";"0-0";0;0;64,6;35,4;503;252;3;1;159;106;9;7;14;20
"855248";"https://www.fourfourtwo.com/statszone/8-2016/matches/855248";"RiversideStadiumMiddlesbrough,Sunday,October16,2016-13:30";"Middlesbrough";"Watford";"0-1";0;1;63,9;36,1;386;180;4;6;114;70;10;4;15;10
"855249";"https://www.fourfourtwo.com/statszone/8-2016/matches/855249";"St.Mary'sStadiumSouthampton,Sunday,October16,2016-16:00";"Southampton";"Burnley";"3-1";3;1;64,5;35,5;465;209;8;4;177;87;34;6;11;10
"855244";"https://www.fourfourtwo.com/statszone/8-2016/matches/855244";"StamfordBridgeLondon,Saturday,October15,2016-12:30";"Chelsea";"LeicesterCity";"3-0";3;0;54,9;45,1;456;348;8;5;153;103;16;5;6;12
"855242";"https://www.fourfourtwo.com/statszone/8-2016/matches/855242";"VitalityStadiumBournemouth,Saturday,October15,2016-15:00";"Bournemouth";"HullCity";"6-1";6;1;49,5;50,5;398;376;5;4;127;108;22;11;8;14
"855243";"https://www.fourfourtwo.com/statszone/8-2016/matches/855243";"EmiratesStadiumLondon,Saturday,October15,2016-15:00";"Arsenal";"SwanseaCity";"3-2";3;2;48,7;51,3;422;413;5;6;214;137;16;13;7;10
"855247";"https://www.fourfourtwo.com/statszone/8-2016/matches/855247";"EtihadStadiumManchester,Saturday,October15,2016-15:00";"ManchesterCity";"Everton";"1-1";1;1;72,6;27,4;571;154;13;1;303;69;19;3;7;9
"855250";"https://www.fourfourtwo.com/statszone/8-2016/matches/855250";"bet365StadiumStoke,Saturday,October15,2016-15:00";"StokeCity";"Sunderland";"2-0";2;0;57,2;42,8;390;264;6;4;141;122;17;11;10;13
"855251";"https://www.fourfourtwo.com/statszone/8-2016/matches/855251";"TheHawthornsWestBromwich,Saturday,October15,2016-15:00";"WestBromwichAlbion";"TottenhamHotspur";"1-1";1;1;28,5;71,5;137;534;5;8;94;204;8;20;14;10
"855245";"https://www.fourfourtwo.com/statszone/8-2016/matches/855245";"SelhurstParkLondon,Saturday,October15,2016-17:30";"CrystalPalace";"WestHamUnited";"0-1";0;1;55,2;44,8;301;243;7;6;92;96;12;12;12;13
"855236";"https://www.fourfourtwo.com/statszone/8-2016/matches/855236";"OldTraffordManchester,Sunday,October2,2016-12:00";"ManchesterUnited";"StokeCity";"1-1";1;1;67,3;32,7;466;180;13;2;200;107;24;7;14;9
"855235";"https://www.fourfourtwo.com/statszone/8-2016/matches/855235";"KingPowerStadiumLeicester,Sunday,October2,2016-14:15";"LeicesterCity";"Southampton";"0-0";0;0;38,1;61,9;285;517;3;6;83;137;9;11;9;9
"855239";"https://www.fourfourtwo.com/statszone/8-2016/matches/855239";"WhiteHartLaneLondon,Sunday,October2,2016-14:15";"TottenhamHotspur";"ManchesterCity";"2-0";2;0;42,3;57,7;244;380;4;3;138;140;13;12;20;10
"855232";"https://www.fourfourtwo.com/statszone/8-2016/matches/855232";"TurfMoorBurnley,Sunday,October2,2016-16:30";"Burnley";"Arsenal";"0-1";0;1;32,8;67,2;240;635;2;6;98;276;10;18;2;3
"855238";"https://www.fourfourtwo.com/statszone/8-2016/matches/855238";"LibertyStadiumSwansea,Saturday,October1,2016-12:30";"SwanseaCity";"Liverpool";"1-2";1;2;40,6;59,4;297;491;3;10;92;217;8;18;11;9
"855234";"https://www.fourfourtwo.com/statszone/8-2016/matches/855234";"KCOMStadiumHull,Saturday,October1,2016-15:00";"HullCity";"Chelsea";"0-2";0;2;40,9;59,1;298;457;5;7;93;206;8;22;13;15
"855237";"https://www.fourfourtwo.com/statszone/8-2016/matches/855237";"StadiumofLightSunderland,Saturday,October1,2016-15:00";"Sunderland";"WestBromwichAlbion";"1-1";1;1;55,9;44,1;323;231;6;5;147;117;7;17;7;13
"855240";"https://www.fourfourtwo.com/statszone/8-2016/matches/855240";"VicarageRoadWatford,Saturday,October1,2016-15:00";"Watford";"Bournemouth";"2-2";2;2;48,1;51,9;263;296;4;5;134;125;17;12;17;12
"855241";"https://www.fourfourtwo.com/statszone/8-2016/matches/855241";"LondonStadiumLondon,Saturday,October1,2016-15:00";"WestHamUnited";"Middlesbrough";"1-1";1;1;40,3;59,7;243;378;4;5;93;94;19;9;13;12
"855233";"https://www.fourfourtwo.com/statszone/8-2016/matches/855233";"GoodisonParkLiverpool,Friday,September30,2016-20:00";"Everton";"CrystalPalace";"1-1";1;1;56,6;43,4;296;196;10;9;159;102;13;10;16;11
"855224";"https://www.fourfourtwo.com/statszone/8-2016/matches/855224";"TurfMoorBurnley,Monday,September26,2016-20:00";"Burnley";"Watford";"2-0";2;0;43,5;56,5;241;345;7;6;112;114;13;12;11;15
"855231";"https://www.fourfourtwo.com/statszone/8-2016/matches/855231";"LondonStadiumLondon,Sunday,September25,2016-16:00";"WestHamUnited";"Southampton";"0-3";0;3;45,1;54,9;283;379;6;2;110;117;13;18;9;14
"855226";"https://www.fourfourtwo.com/statszone/8-2016/matches/855226";"OldTraffordManchester,Saturday,September24,2016-12:30";"ManchesterUnited";"LeicesterCity";"4-1";4;1;67,3;32,7;618;226;8;6;170;101;16;10;9;12
"855222";"https://www.fourfourtwo.com/statszone/8-2016/matches/855222";"VitalityStadiumBournemouth,Saturday,September24,2016-15:00";"Bournemouth";"Everton";"1-0";1;0;52,8;47,2;328;275;5;3;139;122;12;13;10;14
"855225";"https://www.fourfourtwo.com/statszone/8-2016/matches/855225";"AnfieldLiverpool,Saturday,September24,2016-15:00";"Liverpool";"HullCity";"5-1";5;1;74,2;25,8;695;185;13;2;353;32;32;2;8;8
"855227";"https://www.fourfourtwo.com/statszone/8-2016/matches/855227";"RiversideStadiumMiddlesbrough,Saturday,September24,2016-15:00";"Middlesbrough";"TottenhamHotspur";"1-2";1;2;41,6;58,4;281;447;2;10;89;182;6;19;14;9
"855228";"https://www.fourfourtwo.com/statszone/8-2016/matches/855228";"bet365StadiumStoke,Saturday,September24,2016-15:00";"StokeCity";"WestBromwichAlbion";"1-1";1;1;56,5;43,5;294;218;6;6;124;100;12;9;9;13
"855229";"https://www.fourfourtwo.com/statszone/8-2016/matches/855229";"StadiumofLightSunderland,Saturday,September24,2016-15:00";"Sunderland";"CrystalPalace";"2-3";2;3;44,6;55,4;256;331;3;5;131;126;11;21;15;12
"855230";"https://www.fourfourtwo.com/statszone/8-2016/matches/855230";"LibertyStadiumSwansea,Saturday,September24,2016-15:00";"SwanseaCity";"ManchesterCity";"1-3";1;3;41,6;58,4;295;475;2;7;91;164;13;18;15;9
"855223";"https://www.fourfourtwo.com/statszone/8-2016/matches/855223";"EmiratesStadiumLondon,Saturday,September24,2016-17:30";"Arsenal";"Chelsea";"3-0";3;0;49,8;50,2;436;442;9;1;194;182;14;9;9;11
"855220";"https://www.fourfourtwo.com/statszone/8-2016/matches/855220";"VicarageRoadWatford,Sunday,September18,2016-12:00";"Watford";"ManchesterUnited";"3-1";3;1;39,9;60,1;176;346;5;7;96;122;10;15;14;19
"855213";"https://www.fourfourtwo.com/statszone/8-2016/matches/855213";"SelhurstParkLondon,Sunday,September18,2016-14:15";"CrystalPalace";"StokeCity";"4-1";4;1;56,5;43,5;369;258;10;5;99;112;14;11;15;9
"855218";"https://www.fourfourtwo.com/statszone/8-2016/matches/855218";"St.Mary'sStadiumSouthampton,Sunday,September18,2016-14:15";"Southampton";"SwanseaCity";"1-0";1;0;53;47;362;309;7;1;140;108;19;9;14;9
"855219";"https://www.fourfourtwo.com/statszone/8-2016/matches/855219";"WhiteHartLaneLondon,Sunday,September18,2016-16:30";"TottenhamHotspur";"Sunderland";"1-0";1;0;73,7;26,3;541;137;14;1;189;53;31;6;7;16
"855215";"https://www.fourfourtwo.com/statszone/8-2016/matches/855215";"KCOMStadiumHull,Saturday,September17,2016-15:00";"HullCity";"Arsenal";"1-4";1;4;39,3;60,7;427;738;2;4;80;333;6;24;9;12
"855216";"https://www.fourfourtwo.com/statszone/8-2016/matches/855216";"KingPowerStadiumLeicester,Saturday,September17,2016-15:00";"LeicesterCity";"Burnley";"3-0";3;0;59;41;393;244;7;1;153;92;14;7;10;9
"855217";"https://www.fourfourtwo.com/statszone/8-2016/matches/855217";"EtihadStadiumManchester,Saturday,September17,2016-15:00";"ManchesterCity";"Bournemouth";"4-0";4;0;64,2;35,8;524;242;5;5;190;66;20;6;8;11
"855221";"https://www.fourfourtwo.com/statszone/8-2016/matches/855221";"TheHawthornsWestBromwich,Saturday,September17,2016-15:00";"WestBromwichAlbion";"WestHamUnited";"4-2";4;2;29,6;70,4;181;550;2;6;73;194;8;23;14;6
"855214";"https://www.fourfourtwo.com/statszone/8-2016/matches/855214";"GoodisonParkLiverpool,Saturday,September17,2016-17:30";"Everton";"Middlesbrough";"3-1";3;1;52,2;47,8;455;402;6;3;139;117;11;7;5;15
"855212";"https://www.fourfourtwo.com/statszone/8-2016/matches/855212";"StamfordBridgeLondon,Friday,September16,2016-20:00";"Chelsea";"Liverpool";"1-2";1;2;52,7;47,3;472;413;6;4;164;166;12;13;6;13
"855209";"https://www.fourfourtwo.com/statszone/8-2016/matches/855209";"StadiumofLightSunderland,Monday,September12,2016-20:00";"Sunderland";"Everton";"0-3";0;3;33,3;66,7;208;506;5;4;109;137;11;20;11;8
"855210";"https://www.fourfourtwo.com/statszone/8-2016/matches/855210";"LibertyStadiumSwansea,Sunday,September11,2016-16:00";"SwanseaCity";"Chelsea";"2-2";2;2;44,9;55,1;305;414;1;11;96;151;6;28;17;9
"855206";"https://www.fourfourtwo.com/statszone/8-2016/matches/855206";"OldTraffordManchester,Saturday,September10,2016-12:30";"ManchesterUnited";"ManchesterCity";"1-2";1;2;39,9;60,1;279;485;4;4;123;193;14;18;15;10
"855202";"https://www.fourfourtwo.com/statszone/8-2016/matches/855202";"VitalityStadiumBournemouth,Saturday,September10,2016-15:00";"Bournemouth";"WestBromwichAlbion";"1-0";1;0;63,5;36,5;392;182;10;5;174;108;12;12;9;11
"855203";"https://www.fourfourtwo.com/statszone/8-2016/matches/855203";"EmiratesStadiumLondon,Saturday,September10,2016-15:00";"Arsenal";"Southampton";"2-1";2;1;56,7;43,3;495;351;6;1;195;129;17;11;10;8
"855204";"https://www.fourfourtwo.com/statszone/8-2016/matches/855204";"TurfMoorBurnley,Saturday,September10,2016-15:00";"Burnley";"HullCity";"1-1";1;1;39;61;307;531;5;9;99;141;14;11;13;3
"855207";"https://www.fourfourtwo.com/statszone/8-2016/matches/855207";"RiversideStadiumMiddlesbrough,Saturday,September10,2016-15:00";"Middlesbrough";"CrystalPalace";"1-2";1;2;57,7;42,3;448;303;6;6;140;108;12;12;5;9
"855208";"https://www.fourfourtwo.com/statszone/8-2016/matches/855208";"bet365StadiumStoke,Saturday,September10,2016-15:00";"StokeCity";"TottenhamHotspur";"0-4";0;4;39,9;60,1;230;420;10;8;104;151;16;20;13;18
"855211";"https://www.fourfourtwo.com/statszone/8-2016/matches/855211";"LondonStadiumLondon,Saturday,September10,2016-15:00";"WestHamUnited";"Watford";"2-4";2;4;57,9;42,1;383;229;4;4;144;100;19;13;10;15
"855205";"https://www.fourfourtwo.com/statszone/8-2016/matches/855205";"AnfieldLiverpool,Saturday,September10,2016-17:30";"Liverpool";"LeicesterCity";"4-1";4;1;62,1;37,9;483;238;1;7;181;121;17;12;4;8
"855201";"https://www.fourfourtwo.com/statszone/8-2016/matches/855201";"TheHawthornsWestBromwich,Sunday,August28,2016-13:30";"WestBromwichAlbion";"Middlesbrough";"0-0";0;0;41;59;257;424;5;4;111;104;13;7;12;11
"855197";"https://www.fourfourtwo.com/statszone/8-2016/matches/855197";"EtihadStadiumManchester,Sunday,August28,2016-16:00";"ManchesterCity";"WestHamUnited";"3-1";3;1;67,1;32,9;503;186;5;4;177;84;22;9;5;10
"855199";"https://www.fourfourtwo.com/statszone/8-2016/matches/855199";"WhiteHartLaneLondon,Saturday,August27,2016-12:30";"TottenhamHotspur";"Liverpool";"1-1";1;1;49,3;50,7;306;320;5;5;136;150;11;13;11;17
"855192";"https://www.fourfourtwo.com/statszone/8-2016/matches/855192";"StamfordBridgeLondon,Saturday,August27,2016-15:00";"Chelsea";"Burnley";"3-0";3;0;60,1;39,9;543;308;9;5;221;101;22;6;6;9
"855193";"https://www.fourfourtwo.com/statszone/8-2016/matches/855193";"SelhurstParkLondon,Saturday,August27,2016-15:00";"CrystalPalace";"Bournemouth";"1-1";1;1;59,4;40,6;375;243;10;4;159;105;24;10;15;10
"855194";"https://www.fourfourtwo.com/statszone/8-2016/matches/855194";"GoodisonParkLiverpool,Saturday,August27,2016-15:00";"Everton";"StokeCity";"1-0";1;0;54,9;45,1;397;299;9;2;155;108;21;8;14;11
"855196";"https://www.fourfourtwo.com/statszone/8-2016/matches/855196";"KingPowerStadiumLeicester,Saturday,August27,2016-15:00";"LeicesterCity";"SwanseaCity";"2-1";2;1;52,2;47,8;302;252;4;6;137;85;13;9;14;10
"855198";"https://www.fourfourtwo.com/statszone/8-2016/matches/855198";"St.Mary'sStadiumSouthampton,Saturday,August27,2016-15:00";"Southampton";"Sunderland";"1-1";1;1;63,8;36,2;386;177;5;5;157;103;16;5;15;8
"855200";"https://www.fourfourtwo.com/statszone/8-2016/matches/855200";"VicarageRoadWatford,Saturday,August27,2016-15:00";"Watford";"Arsenal";"1-3";1;3;45,3;54,7;307;406;3;2;123;137;14;10;18;15
"855195";"https://www.fourfourtwo.com/statszone/8-2016/matches/855195";"KCOMStadiumHull,Saturday,August27,2016-17:30";"HullCity";"ManchesterUnited";"0-1";0;1;37,9;62,1;299;537;1;6;79;281;8;29;9;6
"855186";"https://www.fourfourtwo.com/statszone/8-2016/matches/855186";"StadiumofLightSunderland,Sunday,August21,2016-13:30";"Sunderland";"Middlesbrough";"1-2";1;2;46,9;53,1;305;369;8;1;157;93;18;8;11;14
"855191";"https://www.fourfourtwo.com/statszone/8-2016/matches/855191";"LondonStadiumLondon,Sunday,August21,2016-16:00";"WestHamUnited";"Bournemouth";"1-0";1;0;46,8;53,2;273;316;1;6;131;99;16;8;15;15
"855185";"https://www.fourfourtwo.com/statszone/8-2016/matches/855185";"bet365StadiumStoke,Saturday,August20,2016-12:30";"StokeCity";"ManchesterCity";"1-4";1;4;42,5;57,5;258;396;7;7;99;148;8;12;12;13
"855187";"https://www.fourfourtwo.com/statszone/8-2016/matches/855187";"LibertyStadiumSwansea,Saturday,August20,2016-15:00";"SwanseaCity";"HullCity";"0-2";0;2;56,6;43,4;476;356;8;3;205;60;23;12;7;10
"855188";"https://www.fourfourtwo.com/statszone/8-2016/matches/855188";"WhiteHartLaneLondon,Saturday,August20,2016-15:00";"TottenhamHotspur";"CrystalPalace";"1-0";1;0;56,9;43,1;352;232;10;4;127;116;20;10;19;9
"855189";"https://www.fourfourtwo.com/statszone/8-2016/matches/855189";"VicarageRoadWatford,Saturday,August20,2016-15:00";"Watford";"Chelsea";"1-2";1;2;37,6;62,4;247;484;0;5;74;195;6;13;20;10
"855190";"https://www.fourfourtwo.com/statszone/8-2016/matches/855190";"TheHawthornsWestBromwich,Saturday,August20,2016-15:00";"WestBromwichAlbion";"Everton";"1-2";1;2;33,6;66,4;173;484;7;4;102;178;11;13;16;10
"855444";"https://www.fourfourtwo.com/statszone/8-2016/matches/855444";"TurfMoorBurnley,Saturday,August20,2016-15:00";"Burnley";"Liverpool";"2-0";2;0;19,6;80,4;123;760;1;12;60;362;3;26;14;5
"855182";"https://www.fourfourtwo.com/statszone/8-2016/matches/855182";"KingPowerStadiumLeicester,Saturday,August20,2016-17:30";"LeicesterCity";"Arsenal";"0-0";0;0;39,5;60,5;253;449;2;7;142;189;8;13;11;7
"855184";"https://www.fourfourtwo.com/statszone/8-2016/matches/855184";"OldTraffordManchester,Friday,August19,2016-20:00";"ManchesterUnited";"Southampton";"2-0";2;0;43,4;56,6;334;452;4;0;110;175;12;13;11;8
"855175";"https://www.fourfourtwo.com/statszone/8-2016/matches/855175";"StamfordBridgeLondon,Monday,August15,2016-20:00";"Chelsea";"WestHamUnited";"2-1";2;1;61,7;38,3;480;254;7;1;185;76;16;7;16;16
"855172";"https://www.fourfourtwo.com/statszone/8-2016/matches/855172";"VitalityStadiumBournemouth,Sunday,August14,2016-13:30";"Bournemouth";"ManchesterUnited";"1-3";1;3;47,4;52,6;409;483;4;2;154;114;9;11;7;10
"855173";"https://www.fourfourtwo.com/statszone/8-2016/matches/855173";"EmiratesStadiumLondon,Sunday,August14,2016-16:00";"Arsenal";"Liverpool";"3-4";3;4;50,7;49,3;385;377;5;4;138;136;9;16;13;17
"855178";"https://www.fourfourtwo.com/statszone/8-2016/matches/855178";"KCOMStadiumHull,Saturday,August13,2016-12:30";"HullCity";"LeicesterCity";"2-1";2;1;49,7;50,3;337;349;5;3;88;122;14;18;8;17
"855174";"https://www.fourfourtwo.com/statszone/8-2016/matches/855174";"TurfMoorBurnley,Saturday,August13,2016-15:00";"Burnley";"SwanseaCity";"0-1";0;1;47,5;52,5;244;291;7;4;145;83;10;17;10;14
"855176";"https://www.fourfourtwo.com/statszone/8-2016/matches/855176";"SelhurstParkLondon,Saturday,August13,2016-15:00";"CrystalPalace";"WestBromwichAlbion";"0-1";0;1;62,3;37,7;296;140;3;6;131;88;14;13;12;15
"855177";"https://www.fourfourtwo.com/statszone/8-2016/matches/855177";"GoodisonParkLiverpool,Saturday,August13,2016-15:00";"Everton";"TottenhamHotspur";"1-1";1;1;42,5;57,5;261;380;5;6;103;174;12;13;10;14
"855180";"https://www.fourfourtwo.com/statszone/8-2016/matches/855180";"RiversideStadiumMiddlesbrough,Saturday,August13,2016-15:00";"Middlesbrough";"StokeCity";"1-1";1;1;45,6;54,4;258;323;9;6;87;104;12;12;18;14
"855181";"https://www.fourfourtwo.com/statszone/8-2016/matches/855181";"St.Mary'sStadiumSouthampton,Saturday,August13,2016-15:00";"Southampton";"Watford";"1-1";1;1;64,3;35,7;494;221;6;2;171;94;24;5;8;12
"855179";"https://www.fourfourtwo.com/statszone/8-2016/matches/855179";"EtihadStadiumManchester,Saturday,August13,2016-17:30";"ManchesterCity";"Sunderland";"2-1";2;1;76,9;23,1;584;101;9;6;216;61;16;7;11;14
